,molecule_chembl_id,units,IC50,smiles,pIC50
0,CHEMBL3701767,nM,0.26,CC1(O)CC(N)(C1)c2ccc(cc2)c3nc4c5cc(ccc5OCn4c3c6ccccc6)C(=O)N,9.585026652029182
1,CHEMBL3701740,nM,0.27,COc1cc(OC)c2c(OCn3c2nc(c4ccc(cc4)C5(N)CC(O)(C5)C6CC6)c3c7ccccc7)c1,9.568636235841012
2,CHEMBL3701766,nM,0.28,CNC(=O)c1ccc2OCn3c(nc(c4ccc(cc4)C5(N)CC(C)(O)C5)c3c6ccccc6)c2c1,9.55284196865778
3,CHEMBL3701717,nM,0.29,NC1(CC(O)(C1)C2CC2)c3ccc(cc3)c4nc5c6c(F)cccc6OCn5c4c7ccccc7,9.537602002101044
4,CHEMBL3701737,nM,0.3,NC1(CC(O)(C1)C2CC2)c3ccc(cc3)c4nc5c6c(Cl)cccc6OCn5c4c7ccccc7,9.522878745280337
5,CHEMBL3701769,nM,0.31,CCNC(=O)c1ccc2OCn3c(nc(c4ccc(cc4)C5(N)CC(C)(O)C5)c3c6ccccc6)c2c1,9.508638306165727
6,CHEMBL3701762,nM,0.32,CC1(O)CC(N)(C1)c2ccc(cc2)c3nc4c5cc(ccc5OCn4c3c6ccccc6)c7ccn[nH]7,9.494850021680094
7,CHEMBL3701776,nM,0.4,CC1(O)CC(N)(C1)c2ccc(cc2)c3nc4c5ccc(cc5OCn4c3c6ccccc6)C(=O)N,9.397940008672037
8,CHEMBL3701775,nM,0.4,CCONC(=O)c1ccc2OCn3c(nc(c4ccc(cc4)C5(N)CC(C)(O)C5)c3c6ccccc6)c2c1,9.397940008672037
9,CHEMBL3701763,nM,0.42,CC1(O)CC(N)(C1)c2ccc(cc2)c3nc4c5cc(ccc5OCn4c3c6ccccc6)c7cn[nH]c7,9.3767507096021
10,CHEMBL3701749,nM,0.48,NC1(CC(O)(C1)C2CC2)c3ccc(cc3)c4nc5c6ccncc6OCn5c4c7ccccc7,9.318758762624412
11,CHEMBL3701770,nM,0.49,CNC(=O)c1ccc2c(OCn3c2nc(c4ccc(cc4)C5(N)CC(C)(O)C5)c3c6ccccc6)c1,9.309803919971486
12,CHEMBL3701718,nM,0.5,CC1(O)CC(N)(C1)c2ccc(cc2)c3nc4c5c(F)cccc5OCn4c3c6ccccc6,9.301029995663981
13,CHEMBL3701773,nM,0.53,CCONC(=O)c1ccc2c(OCn3c2nc(c4ccc(cc4)C5(N)CC(C)(O)C5)c3c6ccccc6)c1,9.275724130399212
14,CHEMBL3701758,nM,0.55,CC1(O)CC(N)(C1)c2ccc(cc2)c3nc4c5cc(CO)ccc5OCn4c3c6ccccc6,9.259637310505756
15,CHEMBL3701774,nM,0.57,CC1(O)CC(N)(C1)c2ccc(cc2)c3nc4c5cc(ccc5OCn4c3c6ccccc6)C(=O)NCCO,9.244125144327509
16,CHEMBL3701734,nM,0.6,COc1ccc2c(OCn3c2nc(c4ccc(cc4)C5(N)CC(O)(C5)C6CC6)c3c7ccccc7)c1,9.221848749616356
17,CHEMBL3701772,nM,0.7,CC1(O)CC(N)(C1)c2ccc(cc2)c3nc4c5ccc(cc5OCn4c3c6ccccc6)C(=O)NCCO,9.154901959985743
18,CHEMBL3701720,nM,0.71,NC1(CC(O)(C1)C2CC2)c3ccc(cc3)c4nc5c6c(F)cccc6OCn5c4c7ccsc7,9.148741651280925
19,CHEMBL3701750,nM,0.74,CC1(O)CC(N)(C1)c2ccc(cc2)c3nc4c5ccncc5OCn4c3c6ccccc6,9.130768280269024
20,CHEMBL3701735,nM,0.75,COc1ccc2OCn3c(nc(c4ccc(cc4)C5(N)CC(C)(O)C5)c3c6ccccc6)c2c1,9.1249387366083
21,CHEMBL3701746,nM,0.78,CCC1(O)CC(N)(C1)c2ccc(cc2)c3nc4c5cnccc5OCn4c3c6ccccc6,9.10790539730952
22,CHEMBL3701764,nM,0.85,Cc1cnc2c(OCn3c2nc(c4ccc(cc4)C5(N)CC(C)(O)C5)c3c6ccccc6)c1,9.070581074285707
23,CHEMBL3701721,nM,0.91,NC1(CC(O)(C1)C2CC2)c3ccc(cc3)c4nc5c6c(F)cccc6OCn5c4c7ccncc7,9.040958607678906
24,CHEMBL3701752,nM,0.91,NC1(CC(O)(C1)C2CC2)c3ccc(cc3)c4nc5c6cccnc6OCn5c4c7ccccc7,9.040958607678906
25,CHEMBL3701736,nM,0.91,COc1ccc2c(OCn3c2nc(c4ccc(cc4)C5(N)CC(C)(O)C5)c3c6ccccc6)c1,9.040958607678906
26,CHEMBL3701722,nM,0.91,CC1(O)CC(N)(C1)c2ccc(cc2)c3nc4c5c(F)cccc5OCn4c3c6ccsc6,9.040958607678906
27,CHEMBL3701777,nM,0.91,CC1(O)CC(O)(C1)c2ccc(cc2)c3nc4c5cc(ccc5OCn4c3c6ccccc6)C(=O)O,9.040958607678906
28,CHEMBL3701778,nM,0.94,CC1(O)CC(O)(C1)c2ccc(cc2)c3nc4c5ccc(cc5OCn4c3c6ccccc6)C(=O)O,9.0268721464003
29,CHEMBL3701753,nM,0.97,CC1(O)CC(N)(C1)c2ccc(cc2)c3nc4c5cccnc5OCn4c3c6ccccc6,9.013228265733755
30,CHEMBL3701761,nM,0.97,CC1(O)CC(N)(C1)c2ccc(cc2)c3nc4c5cc(ccc5OCn4c3c6ccccc6)C#N,9.013228265733755
31,CHEMBL3701724,nM,1,CC1(O)CC(N)(C1)c2ccc(cc2)c3nc4c5cc(F)ccc5OCn4c3c6ccccc6,9.0
32,CHEMBL3701727,nM,1,NC1(CC(O)(C1)C2CC2)c3ccc(cc3)c4nc5c6ccccc6OCn5c4c7ccccc7,9.0
33,CHEMBL3701723,nM,1.1,CC1(O)CC(N)(C1)c2ccc(cc2)c3nc4c5c(F)cccc5OCn4c3c6ccncc6,8.958607314841775
34,CHEMBL3701751,nM,1.1,NC1(CCC1)c2ccc(cc2)c3nc4c5ccncc5OCn4c3c6ccccc6,8.958607314841775
35,CHEMBL3701765,nM,1.1,COc1ccc2OCn3c(nc(c4ccc(cc4)C5(N)CC(C)(O)C5)c3c6ccccc6)c2n1,8.958607314841775
36,CHEMBL3701747,nM,1.1,CC1(O)CC(N)(C1)c2ccc(cc2)c3nc4c5cnccc5OCn4c3c6ccccc6,8.958607314841775
37,CHEMBL3701760,nM,1.2,CC1(O)CC(N)(C1)c2ccc(cc2)c3nc4c5ccc(cc5OCn4c3c6ccccc6)C#N,8.920818753952375
38,CHEMBL3701719,nM,1.2,NC1(CCC1)c2ccc(cc2)c3nc4c5c(F)cccc5OCn4c3c6ccccc6,8.920818753952375
39,CHEMBL3701768,nM,1.3,CN(C)C(=O)c1ccc2OCn3c(nc(c4ccc(cc4)C5(N)CC(C)(O)C5)c3c6ccccc6)c2c1,8.886056647693163
40,CHEMBL3701726,nM,1.4,NC1(CC(O)(C1)C2CC2)c3ccc(cc3)c4nc5c6cccc(F)c6OCn5c4c7ccccc7,8.853871964321762
41,CHEMBL3701741,nM,1.5,Cc1ccc2c(OCn3c2nc(c4ccc(cc4)C5(N)CC(O)(C5)C6CC6)c3c7ccccc7)c1,8.823908740944319
42,CHEMBL3701742,nM,1.6,NC1(CC(O)(C1)C2CC2)c3ccc(cc3)c4nc5c6ncccc6OCn5c4c7ccccc7,8.795880017344075
43,CHEMBL3701754,nM,1.6,NC1(CCC1)c2ccc(cc2)c3nc4c5cccnc5OCn4c3c6ccccc6,8.795880017344075
44,CHEMBL3701748,nM,1.7,NC1(CCC1)c2ccc(cc2)c3nc4c5cnccc5OCn4c3c6ccccc6,8.769551078621726
45,CHEMBL3679632,nM,1.7,C[C@@]1(O)C[C@@](N)(C1)c2ccc(cc2)c3nc4ccc5nnc(C(F)F)n5c4cc3c6ccccc6,8.769551078621726
46,CHEMBL3701728,nM,1.7,CC1(O)CC(N)(C1)c2ccc(cc2)c3nc4c5ccccc5OCn4c3c6ccccc6,8.769551078621726
47,CHEMBL3701738,nM,1.7,CCOc1cccc2OCn3c(nc(c4ccc(cc4)C5(N)CC(O)(C5)C6CC6)c3c7ccccc7)c12,8.769551078621726
48,CHEMBL3701739,nM,1.8,CCOc1cccc2OCn3c(nc(c4ccc(cc4)C5(N)CC(C)(O)C5)c3c6ccccc6)c12,8.744727494896694
49,CHEMBL3701725,nM,2,CC1(O)CC(N)(C1)c2ccc(cc2)c3nc4c5ccc(F)cc5OCn4c3c6ccccc6,8.698970004336019
50,CHEMBL3701732,nM,2,COc1cccc2OCn3c(nc(c4ccc(cc4)C5(N)CC(O)(C5)C6CC6)c3c7ccccc7)c12,8.698970004336019
51,CHEMBL3701743,nM,2,CC1(O)CC(N)(C1)c2ccc(cc2)c3nc4c5ncccc5OCn4c3c6ccccc6,8.698970004336019
52,CHEMBL598194,nM,2.2,NC1(CCN(CC1)c2ncnc3[nH]ccc23)C(=O)NCc4ccc(Cl)cc4,8.657577319177793
53,CHEMBL3701759,nM,2.7,CC1(O)CC(N)(C1)c2ccc(cc2)c3nc4c5ccc(CO)cc5OCn4c3c6ccccc6,8.568636235841012
54,CHEMBL3701729,nM,2.8,NC1(CCC1)c2ccc(cc2)c3nc4c5ccccc5OCn4c3c6ccccc6,8.55284196865778
55,CHEMBL228867,nM,3,C\C(=C/1\C(=O)Nc2ccc(NC(=O)N)cc12)\c3cc(CNC(=O)CCN4CCCCC4)c[nH]3,8.522878745280337
56,CHEMBL3672068,nM,3,Cc1cccc(n1)c2nc(n[nH]2)C3CN(Cc4ccc(cc4)c5nc6nc(C)c(Br)n6cc5c7ccccc7)C3,8.522878745280337
57,CHEMBL2177361,nM,3,C[C@@H]1C[C@@H](O)c2ncnc(N3CCN(CC3)C(=O)[C@H](CNCC4CC4)c5ccc(c(F)c5)C(F)(F)F)c12,8.522878745280337
58,CHEMBL409503,nM,3,NCC1(Cc2ccc(Cl)cc2)CCN(CC1)c3ncnc4[nH]cnc34,8.522878745280337
59,CHEMBL228652,nM,3,NCc1cccc(c1)c2c[nH]c(\C=C\3/C(=O)Nc4ccc(NC(=O)N)cc34)c2,8.522878745280337
60,CHEMBL3701755,nM,3.3,NC1(CC(O)(C1)C2CC2)c3ccc(cc3)c4nc5c6nccnc6OCn5c4c7ccccc7,8.481486060122112
61,CHEMBL3701771,nM,3.5,CN(C)C(=O)c1ccc2c(OCn3c2nc(c4ccc(cc4)C5(N)CC(C)(O)C5)c3c6ccccc6)c1,8.455931955649724
62,CHEMBL228810,nM,4,CN1CCC(CC1)C(=O)NCc2c[nH]c(c2)\C(=C\3/C(=O)Nc4ccc(NC(=O)N)cc34)\C,8.397940008672037
63,CHEMBL523859,nM,4.0,CCn1c(nc2c(ncc(OCC[C@@H](N)Cc3ccccc3)c12)C#CC(C)(C)O)c4nonc4N,8.397940008672037
64,CHEMBL443661,nM,4,CN(C)CCN1CCN(CC1)c2ncc3cc(c4ccccc4)c(nc3n2)c5ccc(CN6CCC(CC6)c7nnc([nH]7)c8ccccn8)cc5,8.397940008672037
65,CHEMBL597600,nM,4,NC1(CCN(CC1)c2ncnc3[nH]ccc23)C(=O)NCc4ccc(Cl)cc4F,8.397940008672037
66,CHEMBL2177378,nM,4,C[C@@H]1C[C@@H](O)c2ncnc(N3CCN(CC3)C(=O)[C@H](CNC(C)(C)CO)c4ccc(Cl)cc4)c12,8.397940008672037
67,CHEMBL3672088,nM,4,CSc1nc2nc(c3ccc(CN4CCC(CC4)c5n[nH]c(n5)c6cccc(C)n6)cc3)c(cn2n1)c7ccccc7,8.397940008672037
68,CHEMBL3672083,nM,4,CSc1nc2nc(c3ccc(CN4CC(C4)c5n[nH]c(n5)c6cccc(C)n6)cc3)c(cn2n1)c7ccccc7,8.397940008672037
69,CHEMBL228804,nM,4,CN(C)CCNC(=O)c1cccc(c1)c2c[nH]c(\C=C\3/C(=O)Nc4ccc(NC(=O)N)cc34)c2,8.397940008672037
70,CHEMBL425650,nM,4,NC(=O)Nc1ccc2NC(=O)\C(=C/c3cc(c[nH]3)c4cccc(c4)C(=O)NCCN5CCCCC5)\c2c1,8.397940008672037
71,CHEMBL3701756,nM,4,CC1(O)CC(N)(C1)c2ccc(cc2)c3nc4c5nccnc5OCn4c3c6ccccc6,8.397940008672037
72,CHEMBL3701744,nM,4,NC1(CCC1)c2ccc(cc2)c3nc4c5ncccc5OCn4c3c6ccccc6,8.397940008672037
73,CHEMBL3672027,nM,4,Cc1nc2nc(c3ccc(CN4CC(C4)c5n[nH]c(n5)c6ccccn6)cc3)c(cn2c1Br)c7ccccc7,8.397940008672037
74,CHEMBL3701745,nM,4.6,CCC1(O)CC(N)(C1)c2ccc(cc2)c3nc4c5ncccc5OCn4c3c6ccccc6,8.337242168318426
75,CHEMBL599849,nM,4.9,NC1(CCN(CC1)c2ncnc3[nH]ccc23)C(=O)NCc4ccc(Cl)cc4Cl,8.309803919971486
76,CHEMBL260000,nM,5,NCC1(Cc2ccc(Cl)cc2)CCN(CC1)c3ncnc4[nH]ccc34,8.301029995663981
77,CHEMBL522351,nM,5.0,CCn1c(nc2c(ncc(OCCCNC[C@H](O)CO)c12)C#CC(C)(C)O)c3nonc3N,8.301029995663981
78,CHEMBL2178597,nM,5,C[C@@H]1C[C@@H](O)c2ncnc(N3CCN(CC3)C(=O)[C@H](CNC(C)(C)C)c4ccc(c(F)c4)C(F)(F)F)c12,8.301029995663981
79,CHEMBL598842,nM,5,NC1(CCN(CC1)c2ncnc3NC(=O)Nc23)C(=O)NCc4ccc(Cl)cc4,8.301029995663981
80,CHEMBL228811,nM,5,C\C(=C/1\C(=O)Nc2ccc(NC(=O)N)cc12)\c3cc(CNC(=O)C4CNCCN4)c[nH]3,8.301029995663981
81,CHEMBL228547,nM,5,NC(=O)Nc1ccc2NC(=O)\C(=C/c3cc(c[nH]3)c4cccc(c4)C(=O)N)\c2c1,8.301029995663981
82,CHEMBL3639709,nM,5,C(N1CC(C1)c2n[nH]c(n2)c3ccccn3)c4ccc(cc4)c5nc6nc(nn6cc5c7ccccc7)C8CC8,8.301029995663981
83,CHEMBL228812,nM,5,C\C(=C/1\C(=O)Nc2ccc(NC(=O)N)cc12)\c3cc(CNC(=O)CN)c[nH]3,8.301029995663981
84,CHEMBL378963,nM,5,N[C@H](COc1cnc(Cl)c(c1)c2ccc3cnccc3c2)Cc4c[nH]c5ccccc45,8.301029995663981
85,CHEMBL228756,nM,5,C\C(=C/1\C(=O)Nc2ccc(NC(=O)N)cc12)\c3cc(CNC(=O)c4ccncc4)c[nH]3,8.301029995663981
86,CHEMBL228654,nM,5,C\C(=C/1\C(=O)Nc2ccc(NC(=O)N)cc12)\c3ccc[nH]3,8.301029995663981
87,CHEMBL207544,nM,5,N[C@H](COc1cnc(C#C)c(c1)c2ccc3cnccc3c2)Cc4c[nH]c5ccccc45,8.301029995663981
88,CHEMBL3701733,nM,5.1,COc1ccc2OCn3c(nc(c4ccc(cc4)C5(N)CC(O)(C5)C6CC6)c3c7ccccc7)c2c1,8.292429823902063
89,CHEMBL3701730,nM,5.4,NC1(CCC1)c2ccc(cc2)c3nc4c5ccccc5OCn4c3c6ccsc6,8.267606240177031
90,CHEMBL596991,nM,5.5,NC1(Cc2ccc(Cl)cc2)CCN(CC1)c3ccnc4[nH]ccc34,8.259637310505756
91,CHEMBL598206,nM,5.7,NC1(CCN(CC1)c2ncnc3[nH]ccc23)C(=O)NCc4ccc(Cl)c(Cl)c4,8.244125144327509
92,CHEMBL228757,nM,6,C\C(=C/1\C(=O)Nc2ccc(NC(=O)N)cc12)\c3cc(CNC(=O)C4CCNCC4)c[nH]3,8.221848749616356
93,CHEMBL447168,nM,6,CN(C)CC(=O)N1CCN(CC1)c2ncc3cc(c4ccccc4)c(nc3n2)c5ccc(CN6CCC(CC6)c7nnc([nH]7)c8ccccn8)cc5,8.221848749616356
94,CHEMBL263664,nM,6,NC1(Cc2ccc(Cl)cc2)CCN(CC1)c3ncnc4[nH]ccc34,8.221848749616356
95,CHEMBL2177379,nM,6,C[C@@H]1C[C@@H](O)c2ncnc(N3CCN(CC3)C(=O)[C@H]([C@@H]4CCCN4)c5ccc(Cl)cc5)c12,8.221848749616356
96,CHEMBL494060,nM,6.0,CCn1c(nc2c(ncc(OCCCNCCc3ccc(OC)cc3)c12)C#CC(C)(C)O)c4nonc4N,8.221848749616356
97,CHEMBL2177387,nM,6,CC(C)NC[C@@H](C(=O)N1CCN(CC1)c2ncnc3CC[C@@H](C=C)c23)c4ccc(Cl)cc4,8.221848749616356
98,CHEMBL228439,nM,6,NC(=O)Nc1ccc2NC(=O)\C(=C/c3cc(c[nH]3)c4cccc(O)c4)\c2c1,8.221848749616356
99,CHEMBL2177368,nM,6,C[C@@H]1C[C@@H](O)c2ncnc(N3CCN(CC3)C(=O)[C@H](CNCC4CCOCC4)c5ccc(Cl)cc5)c12,8.221848749616356
100,CHEMBL2178598,nM,6,C[C@@H]1C[C@@H](O)c2ncnc(N3CCN(CC3)C(=O)[C@H](CNC(C)(C)CO)c4ccc(c(F)c4)C(F)(F)F)c12,8.221848749616356
101,CHEMBL2177388,nM,6,CC(C)NC[C@@H](C(=O)N1CCN(CC1)c2ncnc3CC[C@@H](CF)c23)c4ccc(Cl)cc4,8.221848749616356
102,CHEMBL496690,nM,6,NC[C@H](Cc1ccc(F)cc1)NC(=O)c2cc(Br)c(s2)c3ccnc4[nH]ccc34,8.221848749616356
103,CHEMBL594933,nM,6.0,Cc1n[nH]c2cnc(cc12)c3cc(OC[C@@H](N)Cc4c[nH]c5ccccc45)cnc3c6cocc6,8.221848749616356
104,CHEMBL388978,nM,6.5,CN[C@@H]1C[C@H]2O[C@@](C)([C@@H]1OC)n3c4ccccc4c5c6CNC(=O)c6c7c8ccccc8n2c7c35,8.187086643357144
105,CHEMBL3701731,nM,6.5,NC1(CCC1)c2ccc(cc2)c3nc4c5ccccc5OCn4c3c6ccncc6,8.187086643357144
106,CHEMBL383264,nM,6.8,N[C@H](COc1cncc(c1)c2ccc3cnccc3c2)Cc4c[nH]c5ccccc45,8.167491087293763
107,CHEMBL603882,nM,7,NC1(Cc2ccc3ccccc3c2)CCN(CC1)c4ncnc5[nH]ccc45,8.154901959985743
108,CHEMBL3672063,nM,7,Cc1cccc(n1)c2nc(n[nH]2)C3CCN(Cc4ccc(cc4)c5nc6ncc(Br)n6cc5c7ccc(F)cc7)CC3,8.154901959985743
109,CHEMBL605410,nM,7.0,Cc1occc1c2nc(N)c(OC[C@@H](N)Cc3c(C#N)[nH]c4ccccc34)cc2c5cnc6[nH]nc(C)c6n5,8.154901959985743
110,CHEMBL3703105,nM,7,NC1(CCC1)c2ccc(cc2)c3nc4cc(ccn4c3c5ccccc5)c6cccnc6,8.154901959985743
111,CHEMBL259998,nM,7,NC1(CCN(CC1)c2ncnc3[nH]ccc23)c4ccc(Cl)cc4,8.154901959985743
112,CHEMBL3701757,nM,7,CCC1(O)CC(N)(C1)c2ccc(cc2)c3nc4c5nccnc5OCn4c3c6ccccc6,8.154901959985743
113,CHEMBL407504,nM,7,NC1(CCN(CC1)c2ncnc3[nH]cnc23)c4ccc(Cl)cc4,8.154901959985743
114,CHEMBL604910,nM,7,NC1(CCN(CC1)c2ncnc3[nH]ccc23)C(=O)NCc4cccc(Cl)c4,8.154901959985743
115,CHEMBL597793,nM,8,NC1(COCc2ccc(Cl)cc2)CCN(CC1)c3ncnc4[nH]ccc34,8.096910013008056
116,CHEMBL498052,nM,8,NC[C@H](Cc1ccccc1F)NC(=O)c2cc(Br)c(s2)c3ccnc4[nH]ccc34,8.096910013008056
117,CHEMBL2325741,nM,8,NC1(CCN(CC1)c2ncnc3[nH]ccc23)C(=O)N[C@@H](CCO)c4ccc(Cl)cc4,8.096910013008056
118,CHEMBL1794065,nM,8.0,CCn1c(nc2c(ncc(OCC3CCNCC3)c12)C#CC(C)(C)O)c4nonc4N.OC(=O)C(F)(F)F,8.096910013008056
119,CHEMBL406863,nM,8,NCC1(CCN(CC1)c2ncnc3[nH]ccc23)c4ccc(Cl)cc4,8.096910013008056
120,CHEMBL604507,nM,8,NC1(CCN(CC1)c2ncnc3[nH]ccc23)C(=O)NCc4ccc(F)cc4Cl,8.096910013008056
121,CHEMBL1794066,nM,8.0,CCn1c(nc2c(ncc(OC3CCNCC3)c12)C#CC(C)(C)O)c4nonc4N.OC(=O)C(F)(F)F,8.096910013008056
122,CHEMBL228755,nM,8,CC(=O)NCc1c[nH]c(c1)\C(=C\2/C(=O)Nc3ccc(NC(=O)N)cc23)\C,8.096910013008056
123,CHEMBL488428,nM,8,O=C1NC=C(C=C1)c2nnc([nH]2)C3CCN(Cc4ccc(cc4)c5nc6C=CNC(=O)c6cc5c7ccccc7)CC3,8.096910013008056
124,CHEMBL3672046,nM,8,Cc1cccc(n1)c2nc(n[nH]2)C3CN(Cc4ccc(cc4)c5nc6nc(C)nn6c(C)c5c7ccccc7)C3,8.096910013008056
125,CHEMBL375236,nM,8,NC(=O)Nc1ccc2NC(=O)\C(=C/c3cc(c[nH]3)c4cccnc4)\c2c1,8.096910013008056
126,CHEMBL3703104,nM,8,NC1(CCC1)c2ccc(cc2)c3nc4cc(ccn4c3c5ccccc5)c6ccncc6,8.096910013008056
127,CHEMBL3703108,nM,8,NC1(CCC1)c2ccc(cc2)c3nc4cc(ccn4c3c5ccccc5)c6ncc[nH]6,8.096910013008056
128,CHEMBL374611,nM,8,CC(=O)Nc1cccc(c1)c2c[nH]c(\C=C\3/C(=O)Nc4ccc(NC(=O)N)cc34)c2,8.096910013008056
129,CHEMBL597414,nM,8.5,NC1(Cc2ccc(Cl)cc2Cl)CCN(CC1)c3ncnc4[nH]ccc34,8.070581074285707
130,CHEMBL3672012,nM,9,C(N1CCC(CC1)c2cnc3ccccc3n2)c4ccc(cc4)c5nc6nccn6cc5c7ccccc7,8.045757490560675
131,CHEMBL3699676,nM,9,COc1cc(cn2c(c3ccccc3)c(nc12)c4ccc(cc4)C5(N)CCC5)C(=O)N,8.045757490560675
132,CHEMBL1171647,nM,9,CCc1c[nH]c2ncnc(N3CC[C@](N)(CNC(=O)c4ccc(F)cc4F)C3)c12,8.045757490560675
133,CHEMBL493269,nM,9.0,CCn1c(nc2c(ncc(OCCCCN)c12)C#CC(C)(C)O)c3nonc3N,8.045757490560675
134,CHEMBL3703111,nM,9,NC1(CCC1)c2ccc(cc2)c3nc4cc(ccn4c3c5ccccc5)c6nn[nH]n6,8.045757490560675
135,CHEMBL523586,nM,9,NC[C@H](Cc1cccc(F)c1)NC(=O)c2cc(Br)c(s2)c3ccnc4[nH]ccc34,8.045757490560675
136,CHEMBL228648,nM,9,NC(=O)Nc1ccc2NC(=O)\C(=C/c3cc(c[nH]3)C(=O)O)\c2c1,8.045757490560675
137,CHEMBL228649,nM,9,Cc1c(\C=C\2/C(=O)Nc3ccc(NC(=O)N)cc23)[nH]cc1C(=O)O,8.045757490560675
138,CHEMBL448991,nM,9,CN1CC(C1)N2CCN(CC2)c3ncc4cc(c5ccccc5)c(nc4n3)c6ccc(CN7CCC(CC7)c8nnc([nH]8)c9ccccn9)cc6,8.045757490560675
139,CHEMBL226712,nM,9.0,NC(c1ccc(Cl)cc1)c2ccc(cc2)c3ncnc4[nH]cnc34,8.045757490560675
140,CHEMBL2177367,nM,10,CO[C@@H]1CC[C@H](CC1)NC[C@@H](C(=O)N2CCN(CC2)c3ncnc4[C@H](O)C[C@@H](C)c34)c5ccc(Cl)cc5,8.0
141,CHEMBL470597,nM,10,NC[C@H](Cc1ccccc1)NC(=O)c2cc(Br)c(s2)c3ccnc4[nH]ccc34,8.0
142,CHEMBL3672041,nM,10,Cc1cccc(n1)c2nc(n[nH]2)C3CN(Cc4ccc(cc4)c5nc6nc(nn6cc5c7ccccc7)C8CC8)C3,8.0
143,CHEMBL1098938,nM,10,CCn1c(nc2c(nc(OC[C@H](N)Cc3ccccc3)cc12)C#CC(C)(C)O)c4nonc4N,8.0
144,CHEMBL482536,nM,10,NC[C@H](Cc1cccc(c1)C(F)(F)F)NC(=O)c2cc(Br)c(s2)c3ccnc4[nH]ccc34,8.0
145,CHEMBL228705,nM,10,C\C(=C/1\C(=O)Nc2ccc(NC(=O)N)cc12)\c3cc(CN)c[nH]3,8.0
146,CHEMBL388739,nM,10,C\C(=C/1\C(=O)Nc2ccc(NC(=O)N)cc12)\c3cc(CNC(=O)c4cccnc4)c[nH]3,8.0
147,CHEMBL388966,nM,10,C\C(=C/1\C(=O)Nc2ccc(NC(=O)N)cc12)\c3cc(CNC(=O)CO)c[nH]3,8.0
148,CHEMBL228042,nM,10.0,CNC(c1ccc(Cl)cc1)c2ccc(cc2)c3ncnc4[nH]cnc34,8.0
149,CHEMBL599847,nM,11,NC1(CCN(CC1)c2ncnc3[nH]ccc23)C(=O)NCc4ccc(cc4)C(F)(F)F,7.958607314841775
150,CHEMBL228701,nM,11,NC(=O)Nc1ccc2NC(=O)\C(=C/c3cc(c[nH]3)C(=O)NCCN4CCCCC4)\c2c1,7.958607314841775
151,CHEMBL3667044,nM,11,Clc1cnc2nc(c3ccc(CN4CC(C4)c5nnc([nH]5)c6ccccn6)cc3)c(cn12)c7ccccc7,7.958607314841775
152,CHEMBL3672044,nM,11,CC(C)Nc1nc2nc(c3ccc(CN4CC(C4)c5n[nH]c(n5)c6ccccn6)cc3)c(cn2n1)c7ccccc7,7.958607314841775
153,CHEMBL2177363,nM,11,C[C@@H]1C[C@@H](O)c2ncnc(N3CCN(CC3)C(=O)[C@H](CN4CCC(F)CC4)c5ccc(Cl)cc5)c12,7.958607314841775
154,CHEMBL598207,nM,11,NC1(CCN(CC1)c2ncnc3[nH]ccc23)C(=O)NCc4ccc(F)cc4F,7.958607314841775
155,CHEMBL1079175,nM,12,NC1(CCC1)c2ccc(cc2)c3nc4C=CN5C(=O)NN=C5c4cc3c6ccccc6,7.920818753952375
156,CHEMBL2177385,nM,12,CC(C)NC[C@@H](C(=O)N1CCN(CC1)c2ncnc3CC[C@@H](C)c23)c4ccc(Cl)cc4,7.920818753952375
157,CHEMBL593813,nM,12.0,Cc1occc1c2nc(N)c(OC[C@@H](N)Cc3c(Cl)[nH]c4ccccc34)cc2c5cnc6[nH]nc(C)c6n5,7.920818753952375
158,CHEMBL2177374,nM,12,C[C@@H]1C[C@@H](O)c2ncnc(N3CCN(CC3)C(=O)[C@H](CNCC4CC4)c5ccc(Cl)cc5)c12,7.920818753952375
159,CHEMBL599448,nM,12,NC1(CCN(CC1)c2ccnc3[nH]ccc23)C(=O)NCc4ccc(Cl)cc4,7.920818753952375
160,CHEMBL593490,nM,12.0,Cc1[nH]nc2ccc(cc12)c3cc(OC[C@@H](N)Cc4c[nH]c5ccccc45)cnc3c6cocc6,7.920818753952375
161,CHEMBL260577,nM,12,NC(C1CCN(CC1)c2ccnc3[nH]ccc23)c4ccc(Cl)cc4,7.920818753952375
162,CHEMBL598013,nM,12,NC1(Cc2ccc(Cl)cc2)CCN(CC1)c3ccnc4[nH]ncc34,7.920818753952375
163,CHEMBL3672085,nM,12,CSc1nc2nc(c3ccc(CN4CCC(CC4)c5n[nH]c(n5)c6ccccn6)cc3)c(cn2n1)c7ccccc7,7.920818753952375
164,CHEMBL469590,nM,13,NCC(Cc1ccccc1)NC(=O)c2cc(Br)c(s2)c3ccnc4[nH]ccc34,7.886056647693163
165,CHEMBL3703110,nM,13,Cn1cncc1c2ccn3c(c4ccccc4)c(nc3c2)c5ccc(cc5)C6(N)CCC6,7.886056647693163
166,CHEMBL595459,nM,13.0,Cc1occc1c2nc(N)c(OC[C@@H](N)Cc3c[nH]c4ccccc34)cc2c5cc6c(C)n[nH]c6cn5,7.886056647693163
167,CHEMBL521642,nM,13,CCn1c(nc2c(ncc(OC[C@@H]3CCCNC3)c12)C#CC(C)(C)O)c4nonc4N,7.886056647693163
168,CHEMBL494088,nM,13.0,CCn1c(nc2c(ncc(OCC3CCNC3)c12)C#CC(C)(C)O)c4nonc4N,7.886056647693163
169,CHEMBL494089,nM,13.0,CCn1c(nc2c(ncc(OC[C@H]3CCCNC3)c12)C#CC(C)(C)O)c4nonc4N,7.886056647693163
170,CHEMBL3699674,nM,13,NC1(CCC1)c2ccc(cc2)c3nc4cc(ccn4c3c5ccccc5)n6cccn6,7.886056647693163
171,CHEMBL2325729,nM,13,NC1(CCN(CC1)c2ncnc3[nH]ccc23)C(=O)N[C@@H](CCN4CCCCC4)c5ccc(Cl)cc5,7.886056647693163
172,CHEMBL3931748,nM,14,COc1nc(cn2c(c3ccccc3)c(nc12)c4ccc(cc4)C5(N)CCC5)C(=O)N,7.853871964321762
173,CHEMBL2177381,nM,14,CC(C)NC[C@@H](C(=O)N1CCN(CC1)c2ncnc3[C@H](F)C[C@@H](C)c23)c4ccc(Cl)cc4,7.853871964321762
174,CHEMBL3672090,nM,14,COC(=O)c1cn2cc(c3ccccc3)c(nc2n1)c4ccc(CN5CC(C5)c6n[nH]c(n6)c7cccc(C)n7)cc4,7.853871964321762
175,CHEMBL228749,nM,14,NC(=O)Nc1ccc2NC(=O)\C(=C/c3cc(c[nH]3)C(=O)NCCc4cnc[nH]4)\c2c1,7.853871964321762
176,CHEMBL3672032,nM,14,CC(C)c1nc2nc(c3ccc(CN4CC(C4)c5n[nH]c(n5)c6cccc(C)n6)cc3)c(cn2n1)c7ccccc7,7.853871964321762
177,CHEMBL3672066,nM,14,Brc1cnc2nc(c3ccc(CN4CC(C4)c5n[nH]c(n5)c6ccccn6)cc3)c(cn12)c7ccccc7,7.853871964321762
178,CHEMBL2325992,nM,14,CN(C)CCC(NC(=O)C1(N)CCN(CC1)c2ncnc3[nH]ccc23)c4ccc(Cl)cc4,7.853871964321762
179,CHEMBL597183,nM,14,NC1(CCN(CC1)c2ncnc3[nH]ccc23)C(=O)NCc4ccc(F)cc4,7.853871964321762
180,CHEMBL593374,nM,15.0,Cc1occc1c2nc(N)c(OC[C@@H](N)Cc3c[nH]c4ccccc34)cc2c5ccc6[nH]nc(C)c6c5,7.823908740944319
181,CHEMBL3699757,nM,15,Cc1c(Cl)cn2c(c3ccccc3)c(nc2c1Br)c4ccc(cc4)C5(N)CCC5,7.823908740944319
182,CHEMBL2177366,nM,15,C[C@@H]1C[C@@H](O)c2ncnc(N3CCN(CC3)C(=O)[C@H](CNC4CCOCC4)c5ccc(Cl)cc5)c12,7.823908740944319
183,CHEMBL597819,nM,15,COc1cccc(CC2(N)CCN(CC2)c3ncnc4[nH]ccc34)c1,7.823908740944319
184,CHEMBL593375,nM,15.0,Cc1occc1c2nc(N)c(OC[C@@H](N)Cc3c[nH]c4ccccc34)cc2c5cnc6[nH]nc(C)c6c5,7.823908740944319
185,CHEMBL2177827,nM,15.0,CC(=O)Nc1cccc(c1)c2ccc3nc(c4cccnc4N)n(c5ccc(CC(=O)Nc6ccccc6)cc5)c3n2,7.823908740944319
186,CHEMBL594072,nM,15.0,Cc1occc1c2nc(N)c(OC[C@@H](N)Cc3c([nH]c4ccccc34)C(=O)N)cc2c5cnc6[nH]nc(C)c6n5,7.823908740944319
187,CHEMBL2325993,nM,15,CN(C)CCCC(NC(=O)C1(N)CCN(CC1)c2ncnc3[nH]ccc23)c4ccc(Cl)cc4,7.823908740944319
188,CHEMBL3672038,nM,16,Cc1cccc(n1)c2nc(n[nH]2)C3CN(Cc4ccc(cc4)c5nc6nc(C)cn6cc5c7ccccc7)C3,7.795880017344075
189,CHEMBL260358,nM,16,NCC1(CCN(CC1)c2ncnc3[nH]cnc23)c4ccc(Cl)cc4,7.795880017344075
190,CHEMBL604917,nM,16,NC1(Cc2cc(Cl)ccc2Cl)CCN(CC1)c3ncnc4[nH]ccc34,7.795880017344075
191,CHEMBL453586,nM,16,CC(=O)N1CCN(CC1)c2ncc3cc(c4ccccc4)c(nc3n2)c5ccc(CN6CCC(CC6)c7nnc([nH]7)c8ccccn8)cc5,7.795880017344075
192,CHEMBL1098316,nM,16,CCn1c(nc2c(nc(CNC)cc12)C#CC(C)(C)O)c3nonc3N,7.795880017344075
193,CHEMBL1099297,nM,16,CCn1c(nc2c(nc(O[C@@H](CCN)c3ccccc3)cc12)C#CC(C)(C)O)c4nonc4N,7.795880017344075
194,CHEMBL3672082,nM,16,CC(C)Nc1c(c2ccccc2)c(nc3nc(nn13)c4ccccn4)c5ccc(CN6CC(C6)c7n[nH]c(n7)c8cccc(C)n8)cc5,7.795880017344075
195,CHEMBL446966,nM,16,COc1ccc(cn1)c2nnc([nH]2)C3CCN(Cc4ccc(cc4)c5nc6C=CNC(=O)c6cc5c7ccccc7)CC3,7.795880017344075
196,CHEMBL3672045,nM,17,Cc1nc2nc(c3ccc(CN4CC(C4)c5n[nH]c(n5)c6ccccn6)cc3)c(c(C)n2n1)c7ccccc7,7.769551078621726
197,CHEMBL3672060,nM,17,Cc1cccc(n1)c2nc(n[nH]2)C3CCN(Cc4ccc(cc4)c5nc6nccn6cc5c7ccc(F)cc7)CC3,7.769551078621726
198,CHEMBL3672065,nM,17,Cc1cccc(n1)c2nc(n[nH]2)C3CCN(Cc4ccc(cc4)c5nc6nccn6cc5c7ccccc7F)CC3,7.769551078621726
199,CHEMBL3672091,nM,17,COC(=O)c1cn2cc(c3ccccc3)c(nc2n1)c4ccc(CN5CC(C5)c6n[nH]c(n6)c7ccccn7)cc4,7.769551078621726
200,CHEMBL228750,nM,17,NC(=O)Nc1ccc2NC(=O)\C(=C/c3cc(c[nH]3)C(=O)NCCc4ccncc4)\c2c1,7.769551078621726
201,CHEMBL3699728,nM,17,COc1cc(Br)cn2c(c3ccccc3)c(nc12)c4ccc(cc4)C5(N)CCC5,7.769551078621726
202,CHEMBL2177377,nM,17,COCCNC[C@@H](C(=O)N1CCN(CC1)c2ncnc3[C@H](O)C[C@@H](C)c23)c4ccc(Cl)cc4,7.769551078621726
203,CHEMBL2177372,nM,17,CC(C)NC[C@@H](C(=O)N1CCN(CC1)c2ncnc3[C@H](O)C[C@@H](C)c23)c4ccc(Cl)c(F)c4,7.769551078621726
204,CHEMBL603680,nM,18,NC1(Cc2ccc(Cl)c(Cl)c2)CCN(CC1)c3ncnc4[nH]ccc34,7.7447274948966935
205,CHEMBL3672026,nM,18,Cc1cccc(n1)c2nc(n[nH]2)C3CN(Cc4ccc(cc4)c5nc6ncc(C)n6cc5c7ccccc7)C3,7.7447274948966935
206,CHEMBL2177390,nM,18,CC(C)NC[C@@H](C(=O)N1CCN(CC1)c2ncnc3[C@H](O)C[C@@H](C)c23)c4ccc(Cl)cc4,7.7447274948966935
207,CHEMBL2177836,nM,18.0,CC(=O)Nc1cccc(c1)c2ccc3nc(c4cccnc4N)n(c5ccc(CNC(=O)c6cccc(F)c6)cc5)c3n2,7.7447274948966935
208,CHEMBL2177364,nM,18,C[C@@H]1C[C@@H](O)c2ncnc(N3CCN(CC3)C(=O)[C@H](CNC4CCCCC4)c5ccc(Cl)cc5)c12,7.7447274948966935
209,CHEMBL3672072,nM,19,CNc1c(c2ccccc2)c(nc3nc(C)cn13)c4ccc(CN5CC(C5)c6n[nH]c(n6)c7cccc(C)n7)cc4,7.721246399047171
210,CHEMBL597818,nM,19,NC1(Cc2cccc(OC(F)(F)F)c2)CCN(CC1)c3ncnc4[nH]ccc34,7.721246399047171
211,CHEMBL3672042,nM,19,CCc1cnn2cc(c3ccccc3)c(nc12)c4ccc(CN5CC(C5)c6n[nH]c(n6)c7cccc(C)n7)cc4,7.721246399047171
212,CHEMBL595944,nM,19.0,Cc1occc1c2nc(N)c(OC[C@@H](N)Cc3c[nH]c4ccccc34)cc2c5cnc6[nH]nc(C)c6n5,7.721246399047171
213,CHEMBL442227,nM,19,COc1cccc(c1)c2c[nH]c(\C=C\3/C(=O)Nc4ccc(NC(=O)N)cc34)c2,7.721246399047171
214,CHEMBL3703106,nM,19,NC1(CCC1)c2ccc(cc2)c3nc4cc(ccn4c3c5ccccc5)c6ccccn6,7.721246399047171
215,CHEMBL2325743,nM,20,C[C@H](NC(=O)C1(N)CCN(CC1)c2ncnc3[nH]ccc23)c4ccc(Cl)cc4,7.698970004336019
216,CHEMBL597415,nM,20,NC1(Cc2c(Cl)cccc2Cl)CCN(CC1)c3ncnc4[nH]ccc34,7.698970004336019
217,CHEMBL228133,nM,20.0,Clc1ccc(cc1)C2(CCNCC2)c3ccc(cc3)c4ncnc5[nH]cnc45,7.698970004336019
218,CHEMBL442229,nM,20,NC(=O)Nc1ccc2NC(=O)\C(=C/c3ccc[nH]3)\c2c1,7.698970004336019
219,CHEMBL453510,nM,20.0,CCn1c(nc2c(ncc(OCCN)c12)C#CC(C)(C)O)c3nonc3N,7.698970004336019
220,CHEMBL574646,nM,20.0,O=C1\C(=C\c2ccccn2)\CNC/C/1=C\c3ccccn3,7.698970004336019
221,CHEMBL1096634,nM,20,CCn1c(nc2c(nc(OC[C@H](N)c3ccccc3)cc12)C#CC(C)(C)O)c4nonc4N,7.698970004336019
222,CHEMBL1096626,nM,20,CCn1c(nc2c(nc(OC[C@@H](N)c3ccccc3)cc12)C#CC(C)(C)O)c4nonc4N,7.698970004336019
223,CHEMBL1098939,nM,20,CCn1c(nc2c(nc(OC[C@@H](N)Cc3ccccc3)cc12)C#CC(C)(C)O)c4nonc4N,7.698970004336019
224,CHEMBL3672048,nM,21,CNc1c(c2ccccc2)c(nc3nc(C)nn13)c4ccc(CN5CC(C5)c6n[nH]c(n6)c7cccc(C)n7)cc4,7.6777807052660805
225,CHEMBL444136,nM,21,O=C1NC=Cc2nc(c3ccc(CN4CCC(CC4)c5nnc([nH]5)c6cnccn6)cc3)c(cc12)c7ccccc7,7.6777807052660805
226,CHEMBL228751,nM,21,NC(=O)Nc1ccc2NC(=O)\C(=C/c3cc(c[nH]3)c4ccccc4)\c2c1,7.6777807052660805
227,CHEMBL210390,nM,21,N[C@H](COc1cncc(c1)c2ccc3cnc(N)cc3c2)Cc4c[nH]c5ccccc45,7.6777807052660805
228,CHEMBL3703109,nM,22,NC1(CCC1)c2ccc(cc2)c3nc4cc(ccn4c3c5ccccc5)c6cnc[nH]6,7.657577319177793
229,CHEMBL2177369,nM,22,C[C@@H]1C[C@@H](O)c2ncnc(N3CCN(CC3)C(=O)[C@H]([C@@H]4CCCCN4)c5ccc(Cl)cc5)c12,7.657577319177793
230,CHEMBL3699700,nM,22,NC1(CCC1)c2ccc(cc2)c3nc4cc(ccn4c3c5ccccc5)c6cn[nH]c6,7.657577319177793
231,CHEMBL2325738,nM,22,NC1(CCN(CC1)c2ncnc3[nH]ccc23)C(=O)NC(CCO)c4ccc(Cl)cc4,7.657577319177793
232,CHEMBL3703112,nM,22,CCOC(=O)c1ccn2c(c3ccccc3)c(nc2c1)c4ccc(cc4)C5(N)CCC5,7.657577319177793
233,CHEMBL3672497,nM,22,NC1(CCC1)c2ccc(cc2)c3nn4c(cnc4cc3c5ccccc5)c6ccc7cn[nH]c7c6,7.657577319177793
234,CHEMBL3703107,nM,23,NC1(CCC1)c2ccc(cc2)c3nc4cc(ccn4c3c5ccccc5)c6cc[nH]n6,7.638272163982407
235,CHEMBL502426,nM,23,CS(=O)(=O)N1CCN(CC1)c2ncc3cc(c4ccccc4)c(nc3n2)c5ccc(CN6CCC(CC6)c7nnc([nH]7)c8ccccn8)cc5,7.638272163982407
236,CHEMBL2325982,nM,23,CCC(NC(=O)C1(N)CCN(CC1)c2ncnc3[nH]ccc23)c4ccc(Cl)cc4,7.638272163982407
237,CHEMBL213618,nM,23,CNc1nccc(n1)c2ccc(s2)C(=O)N[C@H](CN)Cc3ccc(Cl)cc3Cl,7.638272163982407
238,CHEMBL2177362,nM,24,C[C@@H]1C[C@@H](O)c2ncnc(N3CCN(CC3)C(=O)[C@H](CNC4CCOCC4)c5ccc(Cl)c(F)c5)c12,7.619788758288394
239,CHEMBL2325739,nM,24,NC1(CCN(CC1)c2ncnc3[nH]ccc23)C(=O)NC(CCCO)c4ccc(Cl)cc4,7.619788758288394
240,CHEMBL3679629,nM,24,NC(=N)N1C(=N)C=Cc2nc(c3ccc(cc3)C4(N)CCC4)c(cc12)c5ccccc5,7.619788758288394
241,CHEMBL2177828,nM,24.0,CC(=O)Nc1cccc(c1)c2ccc3nc(c4cccnc4N)n(c5ccc(CC(=O)Nc6cccc(F)c6)cc5)c3n2,7.619788758288394
242,CHEMBL3699768,nM,24,NC(=O)c1cc(Br)c2nc(c3ccc(cc3)C4(N)CCC4)c(c5ccccc5)n2c1,7.619788758288394
243,CHEMBL596583,nM,25.0,Cc1occc1c2ncc(OC[C@@H](N)Cc3c[nH]c4ccccc34)cc2c5cnc6[nH]nc(C)c6n5,7.6020599913279625
244,CHEMBL470598,nM,25,NC[C@H](CC1CCCCC1)NC(=O)c2cc(Br)c(s2)c3ccnc4[nH]ccc34,7.6020599913279625
245,CHEMBL520788,nM,25,NC[C@H](Cc1ccccc1C(F)(F)F)NC(=O)c2cc(Br)c(s2)c3ccnc4[nH]ccc34,7.6020599913279625
246,CHEMBL259999,nM,25,NC1(Cc2ccc(Cl)cc2)CCN(CC1)c3ncnc4[nH]cnc34,7.6020599913279625
247,CHEMBL405384,nM,25,NC(C1CCN(CC1)c2ncnc3[nH]ccc23)c4ccc(Cl)cc4,7.6020599913279625
248,CHEMBL1095624,nM,25,CCn1c(nc2c(nc(CCN)cc12)C#CC(C)(C)O)c3nonc3N,7.6020599913279625
249,CHEMBL2177829,nM,25.0,Nc1ncccc1c2nc3ccc(nc3n2c4ccc(CC(=O)Nc5ccccc5)cc4)c6cccnc6,7.6020599913279625
250,CHEMBL260463,nM,25,NCC1(CCN(CC1)c2ccnc3[nH]ccc23)c4ccc(Cl)cc4,7.6020599913279625
251,CHEMBL1099276,nM,25,CCn1c(nc2c(nc(O[C@@H](CN)c3ccccc3)cc12)C#CC(C)(C)O)c4nonc4N,7.6020599913279625
252,CHEMBL1099290,nM,25,CCn1c(nc2c(nc(CN(C)C)cc12)C#CC(C)(C)O)c3nonc3N,7.6020599913279625
253,CHEMBL1099296,nM,25,CCn1c(nc2c(nc(O[C@H](CN)c3ccccc3)cc12)C#CC(C)(C)O)c4nonc4N,7.6020599913279625
254,CHEMBL597803,nM,25,CN(Cc1ccc(Cl)cc1)C(=O)C2(N)CCN(CC2)c3ncnc4[nH]ccc34,7.6020599913279625
255,CHEMBL598448,nM,25,NC1(Cc2cccc3ccccc23)CCN(CC1)c4ncnc5[nH]ccc45,7.6020599913279625
256,CHEMBL254099,nM,26,CSc1ncc2cc(c3ccccc3)c(nc2n1)c4ccc(CN5CCC(CC5)c6nnc([nH]6)c7ccccn7)cc4,7.585026652029182
257,CHEMBL446134,nM,26,O=C1NCCc2nc(c3ccc(CN4CCC(CC4)c5nnc([nH]5)c6ccccn6)cc3)c(cc12)c7ccccc7,7.585026652029182
258,CHEMBL597211,nM,27,CC(C)(C)c1ccc(CC2(N)CCN(CC2)c3ncnc4[nH]ccc34)cc1,7.568636235841012
259,CHEMBL228700,nM,27,CN(C)CCNC(=O)c1c[nH]c(\C=C\2/C(=O)Nc3ccc(NC(=O)N)cc23)c1,7.568636235841012
260,CHEMBL3672039,nM,27,Cc1cccc(n1)c2nc(n[nH]2)C3CN(Cc4ccc(cc4)c5nc6nc(nn6cc5c7ccc(F)cc7)C8CC8)C3,7.568636235841012
261,CHEMBL2177833,nM,27.0,Nc1ncccc1c2nc3cc(cnc3n2c4ccc(CNC(=O)c5cccc(F)c5)cc4)c6cccnc6,7.568636235841012
262,CHEMBL3703157,nM,28,NC(=O)c1cc(Cl)c2nc(c3ccc(cc3)C4(N)CCC4)c(c5ccccc5)n2c1,7.552841968657781
263,CHEMBL599848,nM,29,NC1(CCN(CC1)c2ncnc3[nH]ccc23)C(=O)NCc4ccc(OC(F)(F)F)cc4,7.537602002101044
264,CHEMBL2177370,nM,29,C[C@@H]1C[C@@H](O)c2ncnc(N3CCN(CC3)C(=O)[C@H]([C@@H]4COCCN4)c5ccc(Cl)cc5)c12,7.537602002101044
265,CHEMBL388184,nM,29,NC(=O)Nc1ccc2NC(=O)\C(=C/c3cc(c[nH]3)C(=O)NCCN4CCOCC4)\c2c1,7.537602002101044
266,CHEMBL3703113,nM,29,NC1(CCC1)c2ccc(cc2)c3nc4cc(ccn4c3c5ccccc5)C(=O)O,7.537602002101044
267,CHEMBL379300,nM,30,Cc1n[nH]c2ccc(cc12)c3cncc(OC[C@@H](N)Cc4c[nH]c5ccccc45)c3,7.522878745280337
268,CHEMBL2325996,nM,30,NC1(CCN(CC1)c2ncnc3[nH]ccc23)C(=O)NC(CCCN4CCCCC4)c5ccc(Cl)cc5,7.522878745280337
269,CHEMBL2177831,nM,30.0,Nc1ncccc1c2nc3cc(cnc3n2c4ccc(CNC(=O)c5ccccc5)cc4)c6cccnc6,7.522878745280337
270,CHEMBL2177371,nM,30,C[C@@H]1C[C@@H](O)c2ncnc(N3CCN(CC3)C(=O)[C@H](CN)c4ccc(cc4)C(F)(F)F)c12,7.522878745280337
271,CHEMBL3703169,nM,30,COc1cc(cn2c(c3ccccc3)c(nc12)c4ccc(cc4)C5(N)CCC5)c6cn[nH]c6,7.522878745280337
272,CHEMBL2325983,nM,30,NC1(CCN(CC1)c2ncnc3[nH]ccc23)C(=O)NC(C4CC4)c5ccc(Cl)cc5,7.522878745280337
273,CHEMBL3672049,nM,31,CC(C)Nc1c(c2ccccc2)c(nc3nc(C)nn13)c4ccc(CN5CC(C5)c6n[nH]c(n6)c7ccccn7)cc4,7.508638306165727
274,CHEMBL2177365,nM,31,CC(C)N(C)C[C@@H](C(=O)N1CCN(CC1)c2ncnc3[C@H](O)C[C@@H](C)c23)c4ccc(Cl)cc4,7.508638306165727
275,CHEMBL603262,nM,31,CC(C)(C)c1ccc(CC2(N)CCN(CC2)c3ccnc4[nH]ccc34)cc1,7.508638306165727
276,CHEMBL2325728,nM,31,NC1(CCN(CC1)c2ncnc3[nH]ccc23)C(=O)N[C@@H](CCN4CCCC4)c5ccc(Cl)cc5,7.508638306165727
277,CHEMBL603197,nM,31.0,Cc1n[nH]c2cnc(nc12)c3cc(OC[C@@H](N)Cc4c[nH]c5ccccc45)cnc3c6cocc6,7.508638306165727
278,CHEMBL388395,nM,31,CN(C)C1CCN(C1)C(=O)c2c[nH]c(\C=C\3/C(=O)Nc4ccc(NC(=O)N)cc34)c2,7.508638306165727
279,CHEMBL453995,nM,31,OCCN1CCN(CC1)c2ncc3cc(c4ccccc4)c(nc3n2)c5ccc(CN6CCC(CC6)c7nnc([nH]7)c8ccccn8)cc5,7.508638306165727
280,CHEMBL3679633,nM,32,NC1(CCC1)c2ccc(cc2)c3nc4C=CC(=N)N(C(=N)c5ccccc5)c4cc3c6ccccc6,7.494850021680094
281,CHEMBL2177832,nM,32.0,Nc1ncccc1c2nc3ccc(nc3n2c4ccc(CNC(=O)c5ccccc5)cc4)c6cccnc6,7.494850021680094
282,CHEMBL3672061,nM,32,Fc1ccc(cc1)c2cn3ccnc3nc2c4ccc(CN5CCC(CC5)c6n[nH]c(n6)c7ccccn7)cc4,7.494850021680094
283,CHEMBL3699667,nM,33,NC1(CCC1)c2ccc(cc2)c3nc4nc(ccn4c3c5ccccc5)c6ccccc6,7.481486060122112
284,CHEMBL502393,nM,33,Nc1ccc(cn1)c2nnc([nH]2)C3CCN(Cc4ccc(cc4)c5nc6C=CNC(=O)c6cc5c7ccccc7)CC3,7.481486060122112
285,CHEMBL2177375,nM,33,C[C@@H]1C[C@@H](O)c2ncnc(N3CCN(CC3)C(=O)[C@H](CNCCF)c4ccc(Cl)cc4)c12,7.481486060122112
286,CHEMBL3977365,nM,33,COc1nc(Br)cn2c(c3ccccc3)c(nc12)c4ccc(cc4)C5(N)CCC5,7.481486060122112
287,CHEMBL3672064,nM,33,Fc1ccc(cc1)c2cn3c(Cl)cnc3nc2c4ccc(CN5CCC(CC5)c6n[nH]c(n6)c7ccccn7)cc4,7.481486060122112
288,CHEMBL3672074,nM,34,COc1nn2cc(c(nc2c1CO)c3ccc(CN4CC(C4)c5n[nH]c(n5)c6cccc(C)n6)cc3)c7c(F)cccc7F,7.468521082957745
289,CHEMBL3895917,nM,34,CCc1cn2c(c3ccccc3)c(nc2c(OC)n1)c4ccc(cc4)C5(N)CCC5,7.468521082957745
290,CHEMBL3672030,nM,35,CC(C)c1nc2nc(c3ccc(CN4CC(C4)c5n[nH]c(n5)c6ccccn6)cc3)c(cn2n1)c7ccccc7,7.455931955649724
291,CHEMBL3703141,nM,35,Cn1cc(cn1)c2ccn3c(c4ccccc4)c(nc3c2)c5ccc(cc5)C6(N)CCC6,7.455931955649724
292,CHEMBL2177382,nM,35,CC(C)NC[C@@H](C(=O)N1CCN(CC1)c2ncnc3[C@@H](F)C[C@@H](C)c23)c4ccc(Cl)cc4,7.455931955649724
293,CHEMBL404556,nM,35,NC(=O)c1ncc2cc(c3ccccc3)c(nc2n1)c4ccc(CN5CCC(CC5)c6nnc([nH]6)c7ccccn7)cc4,7.455931955649724
294,CHEMBL2177835,nM,35.0,Nc1ncccc1c2nc3ccc(nc3n2c4ccc(CNC(=O)c5ccccc5)cc4)c6ccccc6,7.455931955649724
295,CHEMBL597817,nM,35,NC1(Cc2ccc(OC(F)(F)F)cc2)CCN(CC1)c3ncnc4[nH]ccc34,7.455931955649724
296,CHEMBL597212,nM,35,NC1(Cc2cccc(Cl)c2Cl)CCN(CC1)c3ncnc4[nH]ccc34,7.455931955649724
297,CHEMBL2325736,nM,36,CS(=O)(=O)NCCC(NC(=O)C1(N)CCN(CC1)c2ncnc3[nH]ccc23)c4ccc(Cl)cc4,7.443697499232712
298,CHEMBL3672078,nM,36,CC(C)Nc1c(c2ccccc2)c(nc3nc(C)cn13)c4ccc(CN5CC(C5)c6n[nH]c(n6)c7cccc(C)n7)cc4,7.443697499232712
299,CHEMBL600646,nM,36,NC1(CCN(CC1)c2ncnc3[nH]ccc23)C(=O)NCc4ccccc4Cl,7.443697499232712
300,CHEMBL3699774,nM,36,Cc1cc(cn2c(c3ccccc3)c(nc12)c4ccc(cc4)C5(N)CCC5)C(=O)N,7.443697499232712
301,CHEMBL228545,nM,37,Cc1cccc(c1)c2c[nH]c(\C=C\3/C(=O)Nc4ccc(NC(=O)N)cc34)c2,7.431798275933005
302,CHEMBL3672486,nM,37,NC1(CCC1)c2ccc(cc2)c3nn4c(cnc4cc3c5ccccc5)c6cccc(CO)c6,7.431798275933005
303,CHEMBL3672052,nM,37,Cc1cccc(n1)c2nc(n[nH]2)C3CCN(Cc4ccc(cc4)c5nc6nc(C)nn6cc5c7cccc(F)c7)CC3,7.431798275933005
304,CHEMBL3699675,nM,38,COC(=O)c1cc(OC)c2nc(c3ccc(cc3)C4(N)CCC4)c(c5ccccc5)n2c1,7.42021640338319
305,CHEMBL3639985,nM,38,COc1ccc(COc2ccn3c(c4ccccc4)c(nc3n2)c5ccc(cc5)C6(N)CCC6)cn1,7.42021640338319
306,CHEMBL3672077,nM,39,CC(C)Nc1c(c2ccccc2)c(nc3nc(C)cn13)c4ccc(CN5CC(C5)c6n[nH]c(n6)c7ccccn7)cc4,7.4089353929735005
307,CHEMBL596290,nM,39.0,Cc1n[nH]c2ncc(nc12)c3cc(OC[C@@H](N)Cc4c[nH]c5ccccc45)cnc3c6cocc6,7.4089353929735005
308,CHEMBL388183,nM,39,Cc1c(CCC(=O)O)c[nH]c1\C=C\2/C(=O)Nc3ccc(NC(=O)N)cc23,7.4089353929735005
309,CHEMBL1096291,nM,40,CCn1c(nc2c(nc(OCCN)cc12)C#CC(C)(C)O)c3nonc3N,7.3979400086720375
310,CHEMBL447348,nM,40,CN(C)C(=O)N1CCN(CC1)c2ncc3cc(c4ccccc4)c(nc3n2)c5ccc(CN6CCC(CC6)c7nnc([nH]7)c8ccccn8)cc5,7.3979400086720375
311,CHEMBL2325997,nM,40,CC(NC(=O)C1(N)CCN(CC1)c2ncnc3[nH]ccc23)c4ccc(Cl)cc4,7.3979400086720375
312,CHEMBL453288,nM,40,CN1CCN(CC1)c2ncc3cc(c4ccccc4)c(nc3n2)c5ccc(CN6CCC(CC6)c7nnc([nH]7)c8ncccn8)cc5,7.3979400086720375
313,CHEMBL1097974,nM,40,CCn1c(nc2c(nc(CCCN)cc12)C#CC(C)(C)O)c3nonc3N,7.3979400086720375
314,CHEMBL447328,nM,41,C(N1CCC(CC1)c2n[nH]c(n2)c3ccccn3)c4ccc(cc4)c5nc6ccn7cnnc7c6cc5c8ccccc8,7.3872161432802645
315,CHEMBL3672507,nM,41,NC1(CCC1)c2ccc(cc2)c3nn4c(c(Br)nc4cc3c5ccccc5)c6ccc(F)cc6,7.3872161432802645
316,CHEMBL3699767,nM,41,NC(=O)c1cc(Br)cn2c(c3ccccc3)c(nc12)c4ccc(cc4)C5(N)CCC5,7.3872161432802645
317,CHEMBL3672036,nM,42,Cc1cccc(n1)c2nc(n[nH]2)C3CN(Cc4ccc(cc4)c5nc6nc(C)nn6cc5c7ccc(F)cc7F)C3,7.376750709602099
318,CHEMBL262341,nM,42,O=C1N=CC=C2N=C(C(=CC12)c3ccccc3)c4ccc(CN5CCC(CC5)c6n[nH]c(n6)c7ccccn7)cc4,7.376750709602099
319,CHEMBL2325995,nM,42,NC1(CCN(CC1)c2ncnc3[nH]ccc23)C(=O)NC(CCCN4CCOCC4)c5ccc(Cl)cc5,7.376750709602099
320,CHEMBL499554,nM,43,CN(C)CCN1CCN(CC1)c2ccc3nc(c4ccccc4)c(nc3n2)c5ccc(CN6CCC(CC6)c7nnc([nH]7)c8ccccn8)cc5,7.366531544420413
321,CHEMBL503980,nM,44,C[C@@H]1CN(CCN1)c2ncc3cc(c4ccccc4)c(nc3n2)c5ccc(CN6CCC(CC6)c7nnc([nH]7)c8ccccn8)cc5,7.356547323513812
322,CHEMBL3703116,nM,44,NC(=O)\C=C\c1ccn2c(c3ccccc3)c(nc2c1)c4ccc(cc4)C5(N)CCC5,7.356547323513812
323,CHEMBL253693,nM,44,CSc1ncc2cc(c3ccccc3)c(nc2n1)c4ccc(CN5CCC(CC5)n6ncc7c(N)ncnc67)cc4,7.356547323513812
324,CHEMBL447114,nM,44,O=C1NC=Cc2nc(c3ccc(CN4CCC(CC4)c5nnc([nH]5)c6ncccn6)cc3)c(cc12)c7ccccc7,7.356547323513812
325,CHEMBL598439,nM,44,NC1(Cc2ccccc2Cl)CCN(CC1)c3ncnc4[nH]ccc34,7.356547323513812
326,CHEMBL228803,nM,45,NC(=O)Nc1ccc2NC(=O)\C(=C/c3cc(c[nH]3)c4cccc(c4)C(=O)O)\c2c1,7.346787486224656
327,CHEMBL2325737,nM,46,NC1(CCN(CC1)c2ncnc3[nH]ccc23)C(=O)NC(CO)c4ccc(Cl)cc4,7.337242168318426
328,CHEMBL598438,nM,46,NC1(Cc2cccc(Cl)c2)CCN(CC1)c3ncnc4[nH]ccc34,7.337242168318426
329,CHEMBL3703118,nM,46,CCNC(=O)c1ccn2c(c3ccccc3)c(nc2c1)c4ccc(cc4)C5(N)CCC5,7.337242168318426
330,CHEMBL3672499,nM,46,COc1cncc(c1)c2cnc3cc(c4ccccc4)c(nn23)c5ccc(cc5)C6(N)CCC6,7.337242168318426
331,CHEMBL3672057,nM,46,Cc1cccc(n1)c2nc(n[nH]2)C3CCN(Cc4ccc(cc4)c5nc6nc(nn6cc5c7ccc(F)cc7)C8CC8)CC3,7.337242168318426
332,CHEMBL3699717,nM,46,NC1(CCC1)c2ccc(cc2)c3nc4cc(Br)ccn4c3c5ccccc5,7.337242168318426
333,CHEMBL3699688,nM,47,COc1ccn2c(c3ccccc3)c(nc2c1)c4ccc(cc4)C5(N)CCC5,7.327902142064282
334,CHEMBL2177834,nM,47.0,CC(=O)Nc1cccc(c1)c2ccc3nc(c4cccnc4N)n(c5ccc(CNC(=O)c6ccccc6)cc5)c3n2,7.327902142064282
335,CHEMBL3672067,nM,47,Cc1cn2cc(c3ccccc3)c(nc2n1)c4ccc(CN5CC(C5)c6n[nH]c(n6)c7ccccn7)cc4,7.327902142064282
336,CHEMBL499555,nM,47.7,Nc1nnc2c3cc(c4ccccc4)c(nc3ccn12)c5ccc(CN6CCC(CC6)c7n[nH]c(n7)c8ccccn8)cc5,7.3214816209598865
337,CHEMBL449989,nM,48,OCCN1CCN(CC1)c2ccc3nc(c4ccccc4)c(nc3n2)c5ccc(CN6CCC(CC6)c7nnc([nH]7)c8ccccn8)cc5,7.318758762624412
338,CHEMBL3703119,nM,48,NC1(CCC1)c2ccc(cc2)c3nc4cc(ccn4c3c5ccccc5)C(=O)NO,7.318758762624412
339,CHEMBL3703139,nM,49,COc1cc(cn2c(c3ccccc3)c(nc12)c4ccc(cc4)C5(N)CCC5)c6cnc[nH]6,7.309803919971486
340,CHEMBL3699711,nM,50,NC1(CCC1)c2ccc(cc2)c3nc4cc(ccn4c3c5ccccc5)c6ccc(F)cc6,7.301029995663981
341,CHEMBL1099298,nM,50,CCn1c(nc2c(nc(O[C@H](CCN)c3ccccc3)cc12)C#CC(C)(C)O)c4nonc4N,7.301029995663981
342,CHEMBL1098944,nM,50,CCn1c(nc2c(nc(OC[C@@H](C)N)cc12)C#CC(C)(C)O)c3nonc3N,7.301029995663981
343,CHEMBL3679630,nM,50,CC(=N)N1C(=N)C=Cc2nc(c3ccc(cc3)C4(N)CCC4)c(cc12)c5ccccc5,7.301029995663981
344,CHEMBL3699770,nM,50,NC(=O)c1cc(cn2c(c3ccccc3)c(nc12)c4ccc(cc4)C5(N)CCC5)c6cn[nH]c6,7.301029995663981
345,CHEMBL2035022,nM,50,NC(=O)c1ccn2c(c3ccccc3)c(nc2c1)c4ccc(cc4)C5(N)CCC5,7.301029995663981
346,CHEMBL3703138,nM,50,CCc1cc(OC)c2nc(c3ccc(cc3)C4(N)CCC4)c(c5ccccc5)n2c1,7.301029995663981
347,CHEMBL3703136,nM,51,COc1cc(Cl)cn2c(c3ccccc3)c(nc12)c4ccc(cc4)C5(N)CCC5,7.292429823902063
348,CHEMBL3703140,nM,51,COc1cc(cn2c(c3ccccc3)c(nc12)c4ccc(cc4)C5(N)CCC5)c6ncc[nH]6,7.292429823902063
349,CHEMBL437109,nM,51,NC(=O)Nc1ccc2NC(=O)\C(=C/c3cc(c[nH]3)c4cccc(F)c4)\c2c1,7.292429823902063
350,CHEMBL504251,nM,52,CN1CCN(CC1)c2ncc3cc(c4ccccc4)c(nc3n2)c5ccc(CN6CCC(CC6)c7nnc([nH]7)c8ccccn8)cc5,7.2839966563652006
351,CHEMBL3699686,nM,52,NC1(CCC1)c2ccc(cc2)c3nc4cc(ccn4c3c5ccccc5)C#N,7.2839966563652006
352,CHEMBL3703115,nM,52,COC(=O)\C=C\c1ccn2c(c3ccccc3)c(nc2c1)c4ccc(cc4)C5(N)CCC5,7.2839966563652006
353,CHEMBL590957,nM,52,NC1(Cc2ccc(Cl)cc2Cl)CCN(CC1)c3ncnc4NC(=O)Nc34,7.2839966563652006
354,CHEMBL3703114,nM,53,CNC(=O)c1ccn2c(c3ccccc3)c(nc2c1)c4ccc(cc4)C5(N)CCC5,7.275724130399211
355,CHEMBL3672079,nM,53,CC(C)Nc1c(c2ccccc2)c(nc3nccn13)c4ccc(CN5CC(C5)c6n[nH]c(n6)c7ccccn7)cc4,7.275724130399211
356,CHEMBL3699699,nM,53,CCc1ccn2c(c3ccccc3)c(nc2c1)c4ccc(cc4)C5(N)CCC5,7.275724130399211
357,CHEMBL3699666,nM,54,NC1(CCC1)c2ccc(cc2)c3nc4nc(ccn4c3c5ccccc5)C6CC6,7.267606240177031
358,CHEMBL3699762,nM,55,Cc1c(C)c2nc(c3ccc(cc3)C4(N)CCC4)c(c5ccccc5)n2cc1c6ccn[nH]6,7.259637310505756
359,CHEMBL3672071,nM,55,CNc1c(c2ccccc2)c(nc3nc(C)cn13)c4ccc(CN5CC(C5)c6n[nH]c(n6)c7ccccn7)cc4,7.259637310505756
360,CHEMBL3703120,nM,55,CC(=O)c1ccn2c(c3ccccc3)c(nc2c1)c4ccc(cc4)C5(N)CCC5,7.259637310505756
361,CHEMBL3703127,nM,56,NC1(CCC1)c2ccc(cc2)c3nc4ccc(cn4c3c5ccccc5)c6nn[nH]n6,7.251811972993799
362,CHEMBL3699749,nM,56,Cc1cc(C)c2nc(c3ccc(cc3)C4(N)CCC4)c(c5ccccc5)n2c1,7.251811972993799
363,CHEMBL404554,nM,57,CSc1ncc2cc(c3ccccc3)c(nc2n1)c4ccc(CN5CCC(CC5)c6cc([nH]n6)c7ccncc7)cc4,7.2441251443275085
364,CHEMBL228699,nM,57,Cc1[nH]c(\C=C\2/C(=O)Nc3ccc(NC(=O)N)cc23)c(C)c1CCC(=O)O,7.2441251443275085
365,CHEMBL3672483,nM,58,COC(=O)c1cccc(c1)c2cnc3cc(c4ccccc4)c(nn23)c5ccc(cc5)C6(N)CCC6,7.236572006437063
366,CHEMBL603675,nM,58,CC(C)(C)c1ccc(CC2(N)CCN(CC2)c3ccnc4[nH]ncc34)cc1,7.236572006437063
367,CHEMBL448196,nM,59,CN1CCN(CC1)c2cc3cc(c4ccccc4)c(nc3cn2)c5ccc(CN6CCC(CC6)c7nnc([nH]7)c8ccccn8)cc5,7.229147988357855
368,CHEMBL404555,nM,59,N#Cc1ncc2cc(c3ccccc3)c(nc2n1)c4ccc(CN5CCC(CC5)c6nnc([nH]6)c7ccccn7)cc4,7.229147988357855
369,CHEMBL3699742,nM,60,NC1(CCC1)c2ccc(cc2)c3nc4cc(Cl)ccn4c3c5ccccc5,7.221848749616356
370,CHEMBL3699754,nM,62,NC1(CCC1)c2ccc(cc2)c3nc4c(Cl)cc(Cl)cn4c3c5ccccc5,7.207608310501746
371,CHEMBL1098241,nM,63,CCn1c(nc2c(nc(CN)cc12)C#CC(C)(C)O)c3nonc3N,7.200659450546418
372,CHEMBL524998,nM,63,COc1ccc(C[C@@H](CN)NC(=O)c2cc(Br)c(s2)c3ccnc4[nH]ccc34)cc1,7.200659450546418
373,CHEMBL594523,nM,63.0,Cc1nc(c2cocc2)c(cc1OC[C@@H](N)Cc3c[nH]c4ccccc34)c5cnc6[nH]nc(C)c6n5,7.200659450546418
374,CHEMBL1099281,nM,63,CCn1c(nc2c(nc(OC[C@H](C)N)cc12)C#CC(C)(C)O)c3nonc3N,7.200659450546418
375,CHEMBL3703137,nM,64,COc1cc(OC)c2nc(c3ccc(cc3)C4(N)CCC4)c(c5ccccc5)n2c1,7.1938200260161125
376,CHEMBL3699712,nM,64,COC(=O)c1ccn2c(c3ccccc3)c(nc2c1)c4ccc(cc4)C5(N)CCC5,7.1938200260161125
377,CHEMBL271091,nM,65,O=C1Nc2ccccc2N1C3CCN(Cc4ccc(cc4)c5nc6ccc(cc6nc5c7ccccc7)c8nn[nH]n8)CC3,7.187086643357144
378,CHEMBL3667042,nM,65,Cc1nc2nc(c3ccc(CN4CC(C4)c5nnc([nH]5)c6ccccn6)cc3)c(cn2n1)c7ccccc7,7.187086643357144
379,CHEMBL2177373,nM,66,C[C@@H]1C[C@@H](O)c2ncnc(N3CCN(CC3)C(=O)[C@H](CN)c4ccc(Cl)cc4)c12,7.180456064458131
380,CHEMBL3699697,nM,66,NC(=O)c1ccc2nc(c3ccc(cc3)C4(N)CCC4)c(c5ccccc5)n2c1,7.180456064458131
381,CHEMBL3699727,nM,67,NC1(CCC1)c2ccc(cc2)c3nc4ccc(cn4c3c5ccccc5)C(=O)O,7.173925197299173
382,CHEMBL3672493,nM,67,NC1(CCC1)c2ccc(cc2)c3nn4c(cnc4cc3c5ccccc5)c6cn[nH]c6,7.173925197299173
383,CHEMBL455071,nM,68,CN(C)CCN1CCN(CC1)c2ncc3cc(c4ccccc4)c(nc3n2)c5ccc(CN6CCC(CC6)c7nnc([nH]7)c8cc[n+]([O-])cc8)cc5,7.167491087293763
384,CHEMBL3672492,nM,68,NC(=O)c1cccc(c1)c2cnc3cc(c4ccccc4)c(nn23)c5ccc(cc5)C6(N)CCC6,7.167491087293763
385,CHEMBL3703135,nM,69,CC(=O)c1ccc2nc(c3ccc(cc3)C4(N)CCC4)c(c5ccccc5)n2c1,7.161150909262744
386,CHEMBL603244,nM,69,NC1(CNC(=O)c2ccc(Cl)cc2)CCN(CC1)c3ncnc4[nH]ccc34,7.161150909262744
387,CHEMBL3672058,nM,69,Fc1ccc(cc1)c2cn3nc(nc3nc2c4ccc(CN5CCC(CC5)c6n[nH]c(n6)c7ccccn7)cc4)C8CC8,7.161150909262744
388,CHEMBL259753,nM,70,C(N1CCC(CC1)c2n[nH]c(n2)c3ccccn3)c4ccc(cc4)c5nc6cccnc6cc5c7ccccc7,7.154901959985743
389,CHEMBL454859,nM,70,CN(C)C1CCN(CC1)c2ncc3cc(c4ccccc4)c(nc3n2)c5ccc(CN6CCC(CC6)c7nnc([nH]7)c8ccccn8)cc5,7.154901959985743
390,CHEMBL598841,nM,70,CC(C)(C)c1ccc(CC2(N)CCN(CC2)c3ncnc4NC(=O)Nc34)cc1,7.154901959985743
391,CHEMBL3672496,nM,70,NC1(CCC1)c2ccc(cc2)c3nn4c(cnc4cc3c5ccccc5)c6ccn[nH]6,7.154901959985743
392,CHEMBL3703102,nM,70,CCOc1ccc2nc(c3ccc(cc3)C4(N)CCC4)c(c5ccccc5)n2c1,7.154901959985743
393,CHEMBL261034,nM,71,NC(C1CCN(CC1)c2ncnc3[nH]cnc23)c4ccc(Cl)cc4,7.1487416512809245
394,CHEMBL3699751,nM,73,NC1(CCC1)c2ccc(cc2)c3nc4c(F)cc(F)cn4c3c5ccccc5,7.136677139879544
395,CHEMBL508794,nM,74.8,Nc1nnc2c3cc(c4ccccc4)c(nc3ccn12)c5ccc(CN6CCC(CC6)n7cnc(c7)c8ccccn8)cc5,7.126098402135539
396,CHEMBL3703117,nM,75,COC(=O)CCc1ccn2c(c3ccccc3)c(nc2c1)c4ccc(cc4)C5(N)CCC5,7.1249387366083
397,CHEMBL3703151,nM,76,COc1cc(C=C)cn2c(c3ccccc3)c(nc12)c4ccc(cc4)C5(N)CCC5,7.119186407719209
398,CHEMBL482537,nM,79,NC[C@H](Cc1ccc(cc1)C(F)(F)F)NC(=O)c2cc(Br)c(s2)c3ccnc4[nH]ccc34,7.102372908709558
399,CHEMBL1098943,nM,79,CCn1c(nc2c(nc(OCCNC)cc12)C#CC(C)(C)O)c3nonc3N,7.102372908709558
400,CHEMBL3699743,nM,79,NC1(CCC1)c2ccc(cc2)c3nc4cc(F)ccn4c3c5ccccc5,7.102372908709558
401,CHEMBL2177837,nM,80.0,Nc1ncccc1c2nc3ccc(nc3n2c4ccc(CNC(=O)c5cccc(F)c5)cc4)c6cccnc6,7.096910013008056
402,CHEMBL455226,nM,80,OCCN1CCN(CC1)c2ncc3cc(c4ccccc4)c(nc3n2)c5ccc(CN6CCC(CC6)c7nnc([nH]7)c8ncccn8)cc5,7.096910013008056
403,CHEMBL3672087,nM,80,CSc1nc2nc(c3ccc(CN4CCC(CC4)c5n[nH]c(n5)c6cnccn6)cc3)c(cn2n1)c7ccccc7,7.096910013008056
404,CHEMBL3672484,nM,81,NC1(CCC1)c2ccc(cc2)c3nn4c(cnc4cc3c5ccccc5)c6ccc(F)cc6,7.0915149811213505
405,CHEMBL3672050,nM,82,COC(=O)c1cnn2cc(c(nc12)c3ccc(CN4CCC(CC4)c5n[nH]c(n5)c6cccc(C)n6)cc3)c7c(F)cccc7F,7.086186147616283
406,CHEMBL3703161,nM,82,COC(=O)COc1ccn2c(c3ccccc3)c(nc2c1)c4ccc(cc4)C5(N)CCC5,7.086186147616283
407,CHEMBL3672480,nM,82,NC1(CCC1)c2ccc(cc2)c3nn4c(cnc4cc3c5ccccc5)c6cccc(c6)C#N,7.086186147616283
408,CHEMBL260184,nM,83,O=C1NC=C(C=C1)c2cc(n[nH]2)C3CCN(Cc4ccc(cc4)c5nc6ncccc6cc5c7ccccc7)CC3,7.080921907623926
409,CHEMBL445212,nM,84,CN1CCN(CC1)c2ncc3cc(c4ccccc4)c(nc3n2)c5ccc(CN6CCC(CC6)c7nnc([nH]7)c8ccc(N)nc8)cc5,7.075720713938118
410,CHEMBL602236,nM,84,NC1(Cc2ccccc2OC(F)(F)F)CCN(CC1)c3ncnc4[nH]ccc34,7.075720713938118
411,CHEMBL3699709,nM,85,NC1(CCC1)c2ccc(cc2)c3nc4nc(Oc5ccccc5)ccn4c3c6ccccc6,7.070581074285707
412,CHEMBL255835,nM,85,Nc1ncnc2nc(c3ccc(CN4CCC(CC4)c5cc([nH]n5)c6ccncc6)cc3)c(cc12)c7ccccc7,7.070581074285707
413,CHEMBL3956697,nM,86,COC(=O)c1cn2c(c3ccccc3)c(nc2c(OC)n1)c4ccc(cc4)C5(N)CCC5,7.0655015487564325
414,CHEMBL3672081,nM,88,CC(C)Nc1c(c2ccccc2)c(nc3nc(nn13)c4ccccn4)c5ccc(CN6CC(C6)c7n[nH]c(n7)c8ccccn8)cc5,7.055517327849831
415,CHEMBL3703131,nM,88,NC1(CCC1)c2ccc(cc2)c3nc4ccc(Cl)cn4c3c5ccccc5,7.055517327849831
416,CHEMBL605212,nM,90,NC1(Cc2ccc(F)cc2Cl)CCN(CC1)c3ncnc4[nH]ccc34,7.045757490560675
417,CHEMBL252456,nM,90,CSc1ncc2cc(c3ccccc3)c(nc2n1)c4ccc(CNCCC(=O)c5ccccc5N)cc4,7.045757490560675
418,CHEMBL3699773,nM,91,Cc1c(C)c2nc(c3ccc(cc3)C4(N)CCC4)c(c5ccccc5)n2cc1C(=O)N,7.040958607678906
419,CHEMBL443620,nM,92,CN1CCN(CC1)c2ccc3nc(c4ccccc4)c(nc3n2)c5ccc(CN6CCC(CC6)c7nnc([nH]7)c8ccccn8)cc5,7.036212172654444
420,CHEMBL3672490,nM,92,NC1(CCC1)c2ccc(cc2)c3nn4c(cnc4cc3c5ccccc5)c6ccc(F)c(CO)c6,7.036212172654444
421,CHEMBL3703147,nM,92,CC(=O)Nc1ccc2nc(c3ccc(cc3)C4(N)CCC4)c(c5ccccc5)n2c1,7.036212172654444
422,CHEMBL3703144,nM,92,NC(=O)Nc1ccn2c(c3ccccc3)c(nc2c1)c4ccc(cc4)C5(N)CCC5,7.036212172654444
423,CHEMBL3699756,nM,93,NC1(CCC1)c2ccc(cc2)c3nc4cc(Cl)c(Cl)cn4c3c5ccccc5,7.031517051446065
424,CHEMBL3699668,nM,94,Cc1ccccc1c2ccn3c(c4ccccc4)c(nc3n2)c5ccc(cc5)C6(N)CCC6,7.026872146400302
425,CHEMBL252857,nM,94.4,CNc1ncc2cc(c3ccccc3)c(nc2n1)c4ccc(CN5CCC(CC5)c6nnc([nH]6)c7ccccn7)cc4,7.025028005701931
426,CHEMBL3703143,nM,95,CC(=O)Nc1ccn2c(c3ccccc3)c(nc2c1)c4ccc(cc4)C5(N)CCC5,7.022276394711152
427,CHEMBL2325994,nM,96,NC1(CCN(CC1)c2ncnc3[nH]ccc23)C(=O)NC(CCCN4CCCC4)c5ccc(Cl)cc5,7.017728766960431
428,CHEMBL3672054,nM,97,Cc1nc2nc(c3ccc(CN4CCC(CC4)c5n[nH]c(n5)c6cc(Cl)ccn6)cc3)c(cn2n1)c7ccc(F)cc7F,7.013228265733755
429,CHEMBL3932688,nM,97,NC(=O)c1cn2c(c3ccccc3)c(nc2cn1)c4ccc(cc4)C5(N)CCC5,7.013228265733755
430,CHEMBL3703163,nM,97,CN(C)C(=O)COc1ccn2c(c3ccccc3)c(nc2c1)c4ccc(cc4)C5(N)CCC5,7.013228265733755
431,CHEMBL3672076,nM,97,COc1nn2cc(c(nc2c1CO)c3ccc(CN4CCC(CC4)c5n[nH]c(n5)c6ccccn6)cc3)c7c(F)cccc7F,7.013228265733755
432,CHEMBL3703125,nM,97,Cn1cncc1c2ccc3nc(c4ccc(cc4)C5(N)CCC5)c(c6ccccc6)n3c2,7.013228265733755
433,CHEMBL503652,nM,98,CN(C)CCN1CCN(CC1)c2ncc3cc(c4ccccc4)c(nc3n2)c5ccc(CN6CCC(CC6)c7nnc([nH]7)C8=CNC(=O)C=C8)cc5,7.008773924307505
434,CHEMBL3672084,nM,100,CSc1nc2nc(c3ccc(CN4CC(C4)c5n[nH]c(n5)c6ccccn6)cc3)c(cn2n1)c7ccccc7,7.0
435,CHEMBL3699775,nM,100,Cc1cc(cn2c(c3ccccc3)c(nc12)c4ccc(cc4)C5(N)CCC5)c6cn[nH]c6,7.0
436,CHEMBL3699695,nM,101,NC1(CCC1)c2ccc(cc2)c3nc4ccc(Br)cn4c3c5ccccc5,6.995678626217357
437,CHEMBL450545,nM,101,C[C@@H]1CN(C[C@H](C)N1)c2ncc3cc(c4ccccc4)c(nc3n2)c5ccc(CN6CCC(CC6)c7nnc([nH]7)c8ccccn8)cc5,6.995678626217357
438,CHEMBL3699714,nM,101,NC1(CCC1)c2ccc(cc2)c3nc4cc(ccn4c3c5ccccc5)C6CC6,6.995678626217357
439,CHEMBL3699753,nM,102,CCOC(=O)c1cc(Br)c2nc(c3ccc(cc3)C4(N)CCC4)c(c5ccccc5)n2c1,6.991399828238082
440,CHEMBL3672089,nM,102,CS(=O)(=O)c1nc2nc(c3ccc(CN4CCC(CC4)c5n[nH]c(n5)c6ccccn6)cc3)c(cn2n1)c7ccccc7,6.991399828238082
441,CHEMBL3699698,nM,106,CCOc1cccn2c(c3ccccc3)c(nc12)c4ccc(cc4)C5(N)CCC5,6.97469413473523
442,CHEMBL3672508,nM,106,NC1(CCC1)c2ccc(cc2)c3nn4c(c(Cl)nc4cc3c5ccccc5)c6ccc(F)cc6,6.97469413473523
443,CHEMBL404347,nM,107.2,COc1ncc2cc(c3ccccc3)c(nc2n1)c4ccc(CN5CCC(CC5)c6nnc([nH]6)c7ccccn7)cc4,6.969805214643249
444,CHEMBL502854,nM,107.6,Sc1nnc2c3cc(c4ccccc4)c(nc3ccn12)c5ccc(CN6CCC(CC6)c7n[nH]c(n7)c8ccccn8)cc5,6.96818772866963
445,CHEMBL3672075,nM,108,COc1nn2cc(c(nc2c1CO)c3ccc(CN4CCC(CC4)c5n[nH]c(n5)c6cccc(C)n6)cc3)c7c(F)cccc7F,6.96657624451305
446,CHEMBL3699755,nM,108,COc1ccn2c(c3ccccc3)c(nc2c1C#N)c4ccc(cc4)C5(N)CCC5,6.96657624451305
447,CHEMBL3672055,nM,108,Cc1cccc(n1)c2nc(n[nH]2)C3CCN(Cc4ccc(cc4)c5nc6nc(C)nn6cc5c7ccc(F)cc7F)CC3,6.96657624451305
448,CHEMBL3699758,nM,109,Cc1cc(Br)c2nc(c3ccc(cc3)C4(N)CCC4)c(c5ccccc5)n2c1,6.962573502059376
449,CHEMBL3672498,nM,110,CCOC(=O)c1cncc(c1)c2cnc3cc(c4ccccc4)c(nn23)c5ccc(cc5)C6(N)CCC6,6.958607314841775
450,CHEMBL3699772,nM,112,NC(=O)c1cc(cn2c(c3ccccc3)c(nc12)c4ccc(cc4)C5(N)CCC5)c6cccnc6,6.950781977329818
451,CHEMBL3672495,nM,115,COC(=O)c1ccc(cn1)c2cnc3cc(c4ccccc4)c(nn23)c5ccc(cc5)C6(N)CCC6,6.939302159646388
452,CHEMBL3703124,nM,115,NC1(CCC1)c2ccc(cc2)c3nc4ccc(cn4c3c5ccccc5)c6cn[nH]c6,6.939302159646388
453,CHEMBL3672028,nM,115,COC(=O)c1cnn2cc(c(nc12)c3ccc(CN4CC(C4)c5n[nH]c(n5)c6cccc(C)n6)cc3)c7c(F)cccc7F,6.939302159646388
454,CHEMBL3699689,nM,116,CNC(=O)c1ccc2nc(c3ccc(cc3)C4(N)CCC4)c(c5ccccc5)n2c1,6.935542010773082
455,CHEMBL506827,nM,116,CN(C)CCN1CCN(CC1)c2ccc3nc(c4ccccc4)c(nc3n2)c5ccc(CN6CCC(CC6)c7nnc([nH]7)c8ncccn8)cc5,6.935542010773082
456,CHEMBL3699736,nM,116,COC(=O)c1cc(Cl)c2nc(c3ccc(cc3)C4(N)CCC4)c(c5ccccc5)n2c1,6.935542010773082
457,CHEMBL3699735,nM,118,NC1(CCC1)c2ccc(cc2)c3nc4ccc(cn4c3c5ccccc5)C(=O)NO,6.928117992693874
458,CHEMBL1258330,nM,118,N[C@H](Cc1ccc(Cl)cc1)C(=O)N2CCN(CC2)c3ncnc4ccccc34,6.928117992693874
459,CHEMBL3672073,nM,118,COc1nn2cc(c(nc2c1CO)c3ccc(CN4CC(C4)c5n[nH]c(n5)c6ccccn6)cc3)c7c(F)cccc7F,6.928117992693874
460,CHEMBL3672491,nM,118,NC(=O)c1ccc(cc1)c2cnc3cc(c4ccccc4)c(nn23)c5ccc(cc5)C6(N)CCC6,6.928117992693874
461,CHEMBL3699771,nM,119,NC(=O)c1cc(cn2c(c3ccccc3)c(nc12)c4ccc(cc4)C5(N)CCC5)c6ccn[nH]6,6.924453038607469
462,CHEMBL3699680,nM,120,COc1ccn2c(c3ccccc3)c(nc2n1)c4ccc(cc4)C5(N)CCC5,6.920818753952375
463,CHEMBL3672487,nM,123,NC1(CCC1)c2ccc(cc2)c3nn4c(cnc4cc3c5ccccc5)c6ccc(CO)cc6,6.910094888560602
464,CHEMBL3699691,nM,124,COc1cccn2c(c3ccccc3)c(nc12)c4ccc(cc4)C5(N)CCC5,6.906578314837764
465,CHEMBL3672092,nM,124,OCc1cn2cc(c3ccccc3)c(nc2n1)c4ccc(CN5CC(C5)c6n[nH]c(n6)c7ccccn7)cc4,6.906578314837764
466,CHEMBL508754,nM,125,C[C@H]1CN(CCN1)c2ncc3cc(c4ccccc4)c(nc3n2)c5ccc(CN6CCC(CC6)c7nnc([nH]7)c8ccccn8)cc5,6.903089986991944
467,CHEMBL512135,nM,125,NCC(NC(=O)c1cc(Br)c(s1)c2ccnc3[nH]ccc23)c4ccccc4,6.903089986991944
468,CHEMBL3672070,nM,128,CNc1c(c2ccccc2)c(nc3ncc(Br)n13)c4ccc(CN5CC(C5)c6n[nH]c(n6)c7ccccn7)cc4,6.892790030352131
469,CHEMBL3672053,nM,129,Cc1nc2nc(c3ccc(CN4CCC(CC4)c5n[nH]c(n5)c6ccccn6)cc3)c(cn2n1)c7cccc(F)c7,6.889410289700751
470,CHEMBL3699777,nM,129,Cc1cc(cn2c(c3ccccc3)c(nc12)c4ccc(cc4)C5(N)CCC5)c6cccnc6,6.889410289700751
471,CHEMBL2325740,nM,130,COCCC(NC(=O)C1(N)CCN(CC1)c2ncnc3[nH]ccc23)c4ccc(Cl)cc4,6.886056647693163
472,CHEMBL2177825,nM,130.0,Nc1ncccc1c2nc3cc(Br)cnc3n2c4ccc(CNC(=O)c5ccccc5)cc4,6.886056647693163
473,CHEMBL505848,nM,130,CN(C)CCN1CCN(CC1)c2ncc3cc(c4ccccc4)c(nc3n2)c5ccc(CN6CCC(CC6)c7nnc([nH]7)c8ncccn8)cc5,6.886056647693163
474,CHEMBL3968885,nM,130,CCOC(=O)c1cn2c(c3ccccc3)c(nc2cn1)c4ccc(cc4)C5(N)CCC5,6.886056647693163
475,CHEMBL594755,nM,130.0,Cc1occc1c2nc(N)c(OC[C@@H](N)Cc3ccccc3)cc2c4cnc5[nH]nc(C)c5n4,6.886056647693163
476,CHEMBL3703162,nM,132,NC(=O)COc1ccn2c(c3ccccc3)c(nc2c1)c4ccc(cc4)C5(N)CCC5,6.8794260687941495
477,CHEMBL3703166,nM,134,NC1(CCC1)c2ccc(cc2)c3nc4ccc(OC[N+]#[C-])cn4c3c5ccccc5,6.872895201635192
478,CHEMBL3703133,nM,134,NC(=O)\C=C\c1ccc2nc(c3ccc(cc3)C4(N)CCC4)c(c5ccccc5)n2c1,6.872895201635192
479,CHEMBL3703164,nM,135,NC1(CCC1)c2ccc(cc2)c3nc4cc(OC[N+]#[C-])ccn4c3c5ccccc5,6.8696662315049934
480,CHEMBL3672482,nM,136,NC1(CCC1)c2ccc(cc2)c3nn4c(cnc4cc3c5ccccc5)c6ccc(cc6)C#N,6.866461091629782
481,CHEMBL447044,nM,138,C(N1CCC(CC1)c2nnc([nH]2)c3ccccn3)c4ccc(cc4)c5nc6nc(ncc6cc5c7ccccc7)N8CCn9cnnc9C8,6.860120913598763
482,CHEMBL3699708,nM,138,NC1(CCC1)c2ccc(cc2)c3nc4nc(OC5CCCCC5)ccn4c3c6ccccc6,6.860120913598763
483,CHEMBL3699707,nM,139,CC(C)Oc1ccn2c(c3ccccc3)c(nc2n1)c4ccc(cc4)C5(N)CCC5,6.856985199745905
484,CHEMBL503270,nM,140,CN(C)CCN1CCN(CC1)c2ncc3cc(c4ccccc4)c(nc3n2)c5ccc(CN6CCC(CC6)c7nnc([nH]7)c8ccc(N)nc8)cc5,6.853871964321762
485,CHEMBL3679631,nM,140,NC1(CC(F)(F)C1)c2ccc(cc2)c3nc4C=CC(=N)N(C(=N)c5ccccc5)c4cc3c6ccccc6,6.853871964321762
486,CHEMBL3703134,nM,142,CCOC(=O)c1ccc2nc(c3ccc(cc3)C4(N)CCC4)c(c5ccccc5)n2c1,6.847711655616944
487,CHEMBL408151,nM,144,O=C1Nc2ccccc2N1C3CCN(Cc4ccc(cc4)c5nc6cc(ccc6nc5c7ccccc7)c8nn[nH]n8)CC3,6.84163750790475
488,CHEMBL3699730,nM,144,NC1(CCC1)c2ccc(cc2)c3nc4ccc(cn4c3c5ccccc5)C(=O)NCCF,6.84163750790475
489,CHEMBL3672080,nM,145,CNc1c(c2ccccc2)c(nc3nc(nn13)c4ccccn4)c5ccc(CN6CC(C6)c7n[nH]c(n7)c8ccccn8)cc5,6.838631997765026
490,CHEMBL449200,nM,146,OCCN1CCN(CC1)c2ncc3cc(c4ccccc4)c(nc3n2)c5ccc(CN6CCC(CC6)c7nnc([nH]7)c8cc[n+]([O-])cc8)cc5,6.835647144215563
491,CHEMBL3699677,nM,146,CNC(=O)Nc1ccn2c(c3ccccc3)c(nc2c1)c4ccc(cc4)C5(N)CCC5,6.835647144215563
492,CHEMBL3699682,nM,148,CCCOc1ccn2c(c3ccccc3)c(nc2n1)c4ccc(cc4)C5(N)CCC5,6.8297382846050425
493,CHEMBL3672488,nM,151,NC1(CCC1)c2ccc(cc2)c3nn4c(cnc4cc3c5ccccc5)c6ccc(cc6)S(=O)(=O)N,6.821023052706831
494,CHEMBL3699665,nM,153,Cc1ccn2c(c3ccccc3)c(nc2n1)c4ccc(cc4)C5(N)CCC5,6.815308569182401
495,CHEMBL3699738,nM,154,CCNC(=O)c1ccc2nc(c3ccc(cc3)C4(N)CCC4)c(c5ccccc5)n2c1,6.8124792791635365
496,CHEMBL3672093,nM,154,Cc1nc2nc(c3ccc(CN4CCC(CC4)c5n[nH]c(n5)c6ccccn6)cc3)c(cn2n1)c7cc(F)ccc7F,6.8124792791635365
497,CHEMBL3699739,nM,154,NC1(CCC1)c2ccc(cc2)c3nc4ccc(cn4c3c5ccccc5)C6CC6,6.8124792791635365
498,CHEMBL3703156,nM,154,NC(=O)c1cccn2c(c3ccccc3)c(nc12)c4ccc(cc4)C5(N)CCC5,6.8124792791635365
499,CHEMBL182101,nM,157,Cn1nnnc1c2cnc(c3ccc(CN4CCC(CC4)N5C(=O)Nc6ccccc56)cc3)c(c2)c7ccccc7,6.804100347590767
500,CHEMBL3703129,nM,159,NC1(CCC1)c2ccc(cc2)c3nc4ccc(cn4c3c5ccccc5)c6cccnc6,6.798602875679549
501,CHEMBL2325730,nM,159,NC(=O)C(NC(=O)C1(N)CCN(CC1)c2ncnc3[nH]ccc23)c4ccc(Cl)cc4,6.798602875679549
502,CHEMBL259968,nM,160,C(N1CCC(CC1)c2n[nH]c(n2)c3ccccn3)c4ccc(cc4)c5nc6cnccc6cc5c7ccccc7,6.795880017344075
503,CHEMBL3699752,nM,160,Cc1cc(Cl)cn2c(c3ccccc3)c(nc12)c4ccc(cc4)C5(N)CCC5,6.795880017344075
504,CHEMBL3699710,nM,161,CCc1cnc2nc(c3ccc(cc3)C4(N)CCC4)c(c5ccccc5)n2c1,6.79317412396815
505,CHEMBL3699716,nM,162,NC1(CCC1)c2ccc(cc2)c3nc4c(Br)cccn4c3c5ccccc5,6.790484985457369
506,CHEMBL3699696,nM,163,COc1ccc2nc(c3ccc(cc3)C4(N)CCC4)c(c5ccccc5)n2c1,6.787812395596042
507,CHEMBL3672059,nM,165,Fc1ccc(cc1)c2cn3nc(nc3nc2c4ccc(CN5CCC(CC5)c6n[nH]c(n6)c7cc(Cl)ccn7)cc4)C8CC8,6.782516055786093
508,CHEMBL3699705,nM,165,COc1cc(COc2ccn3c(c4ccccc4)c(nc3n2)c5ccc(cc5)C6(N)CCC6)ccn1,6.782516055786093
509,CHEMBL506077,nM,167.7,Oc1nnc2c3cc(c4ccccc4)c(nc3ccn12)c5ccc(CN6CCC(CC6)c7n[nH]c(n7)c8ccccn8)cc5,6.775466937393914
510,CHEMBL500993,nM,168,OC1CCN(CC1)c2ncc3cc(c4ccccc4)c(nc3n2)c5ccc(CN6CCC(CC6)c7nnc([nH]7)c8ccccn8)cc5,6.774690718274137
511,CHEMBL3699747,nM,170,NC1(CCC1)c2ccc(cc2)c3nc4c(cccn4c3c5ccccc5)c6ccn[nH]6,6.769551078621726
512,CHEMBL445464,nM,176.5,Cc1nnc2c3cc(c4ccccc4)c(nc3ccn12)c5ccc(CN6CCC(CC6)c7n[nH]c(n7)c8ccccn8)cc5,6.753255290276158
513,CHEMBL503810,nM,180,Nc1ccc(cn1)c2nnc([nH]2)C3CCN(Cc4ccc(cc4)c5nc6nc(ncc6cc5c7ccccc7)N8CCN(CCO)CC8)CC3,6.7447274948966935
514,CHEMBL259141,nM,180,NC1CCN(CC1)c2ncnc3[nH]ccc23,6.7447274948966935
515,CHEMBL448826,nM,184,C[C@@H]1CN(C[C@H](C)O1)c2ncc3cc(c4ccccc4)c(nc3n2)c5ccc(CN6CCC(CC6)c7nnc([nH]7)c8ccccn8)cc5,6.735182176990463
516,CHEMBL507204,nM,185,CN1CCN(CC1)c2ncc3cc(c4ccccc4)c(nc3n2)c5ccc(CN6CCC(CC6)c7nnc([nH]7)c8cc[n+]([O-])cc8)cc5,6.732828271596986
517,CHEMBL450266,nM,188,CN1CCN(CC1)c2ncc3cc(c4ccccc4)c(nc3n2)c5ccc(CN6CCC(CC6)c7nnc([nH]7)C8=CNC(=O)C=C8)cc5,6.7258421507363195
518,CHEMBL3699776,nM,190,Cc1cc(cn2c(c3ccccc3)c(nc12)c4ccc(cc4)C5(N)CCC5)c6ccn[nH]6,6.721246399047171
519,CHEMBL501612,nM,190,OCCN1CCN(CC1)c2ccc3nc(c4ccccc4)c(nc3n2)c5ccc(CN6CCC(CC6)c7nnc([nH]7)c8ncccn8)cc5,6.721246399047171
520,CHEMBL2325985,nM,190,NC1(CCN(CC1)c2ncnc3[nH]ccc23)C(=O)NC(Cc4ccccc4)c5ccc(Cl)cc5,6.721246399047171
521,CHEMBL3699715,nM,192,CCc1ccc2nc(c3ccc(cc3)C4(N)CCC4)c(c5ccccc5)n2c1,6.71669877129645
522,CHEMBL508098,nM,192,CN1CCN(CC1)c2ccc3nc(c4ccccc4)c(nc3n2)c5ccc(CN6CCC(CC6)c7nnc([nH]7)c8ncccn8)cc5,6.71669877129645
523,CHEMBL3699679,nM,193,NC1(CCC1)c2ccc(cc2)c3nc4ccc(cn4c3c5ccccc5)n6cccn6,6.714442690992226
524,CHEMBL3699713,nM,198,COC(=O)c1ccc2nc(c3ccc(cc3)C4(N)CCC4)c(c5ccccc5)n2c1,6.703334809738469
525,CHEMBL454210,nM,199,C[C@H]1CN([C@H](C)CN1)c2ncc3cc(c4ccccc4)c(nc3n2)c5ccc(CN6CCC(CC6)c7nnc([nH]7)c8ccccn8)cc5,6.701146923590294
526,CHEMBL374742,nM,200.0,C1CC(CCN1)(c2ccccc2)c3ccc(cc3)c4cn[nH]c4,6.698970004336019
527,CHEMBL1096290,nM,200,CCn1c(nc2c(nc(CN3CCCC3)cc12)C#CC(C)(C)O)c4nonc4N,6.698970004336019
528,CHEMBL1096292,nM,200,CCn1c(nc2c(nc(OCCCN)cc12)C#CC(C)(C)O)c3nonc3N,6.698970004336019
529,CHEMBL3679634,nM,200,NC(=O)N1C(=N)C=Cc2nc(c3ccc(cc3)C4(CCC4)NC(=O)Cc5cccnc5)c(cc12)c6ccccc6,6.698970004336019
530,CHEMBL3672051,nM,203,COC(=O)c1cnn2cc(c(nc12)c3ccc(CN4CCC(CC4)c5n[nH]c(n5)c6ccccn6)cc3)c7c(F)cccc7F,6.692503962086787
531,CHEMBL3699766,nM,203,Cc1cc(c2cn[nH]c2)c3nc(c4ccc(cc4)C5(N)CCC5)c(c6ccccc6)n3c1,6.692503962086787
532,CHEMBL3703132,nM,203,COC(=O)\C=C\c1ccc2nc(c3ccc(cc3)C4(N)CCC4)c(c5ccccc5)n2c1,6.692503962086787
533,CHEMBL3699701,nM,204,COC(=O)c1cccn2c(c3ccccc3)c(nc12)c4ccc(cc4)C5(N)CCC5,6.690369832574101
534,CHEMBL521823,nM,204.0,CCn1c(nc2cncc(OCC3CCNCC3)c12)c4nonc4N,6.690369832574101
535,CHEMBL3703126,nM,210,Cn1cc(cn1)c2ccc3nc(c4ccc(cc4)C5(N)CCC5)c(c6ccccc6)n3c2,6.6777807052660805
536,CHEMBL3699750,nM,210,Cc1ccn2c(c3ccccc3)c(nc2c1Cl)c4ccc(cc4)C5(N)CCC5,6.6777807052660805
537,CHEMBL258844,nM,210,O=C1Nc2ccccc2N1C3CCN(Cc4ccc(cc4)c5nc6cc7[nH]cnc7cc6nc5c8ccccc8)CC3,6.6777807052660805
538,CHEMBL606200,nM,210,CC(C)(C)c1ccc(CNC(=O)C2(N)CCN(CC2)c3ncnc4[nH]ccc34)cc1,6.6777807052660805
539,CHEMBL2325984,nM,210,NC1(CCN(CC1)c2ncnc3[nH]ccc23)C(=O)NC(c4ccccc4)c5ccc(Cl)cc5,6.6777807052660805
540,CHEMBL259967,nM,210,C(N1CCC(CC1)c2n[nH]c(n2)c3ccccn3)c4ccc(cc4)c5nc6ccncc6cc5c7ccccc7,6.6777807052660805
541,CHEMBL258696,nM,212,CCN(CC)CCNC(=O)c1ccc2nc(c3ccccc3)c(nc2c1)c4ccc(CN5CCC(CC5)N6C(=O)Nc7ccccc67)cc4,6.673664139071248
542,CHEMBL3672033,nM,214,COC(=O)c1cnn2cc(c3ccc(F)cc3F)c(nc12)c4ccc(CN5CC(C5)c6n[nH]c(n6)c7ccccn7)cc4,6.669586226650809
543,CHEMBL3699721,nM,216,NC1(CCC1)c2ccc(cc2)c3nc4c(Cl)cccn4c3c5ccccc5,6.665546248849069
544,CHEMBL3944710,nM,220,Cc1cn2c(c3ccccc3)c(nc2c(C)n1)c4ccc(cc4)C5(N)CCC5,6.657577319177793
545,CHEMBL260670,nM,220,C(N1CCC(CC1)c2n[nH]c(n2)c3ccccn3)c4ccc(cc4)c5nc6ncccc6cc5c7ccccc7,6.657577319177793
546,CHEMBL3703148,nM,221,NC(=O)Nc1ccc2nc(c3ccc(cc3)C4(N)CCC4)c(c5ccccc5)n2c1,6.655607726314889
547,CHEMBL3672509,nM,222,NC(=O)\C=C\c1cnc2cc(c3ccccc3)c(nn12)c4ccc(cc4)C5(N)CCC5,6.653647025549361
548,CHEMBL3672086,nM,222,CSc1nc2nc(c3ccc(CN4CCC(CC4)c5n[nH]c(n5)c6ncccn6)cc3)c(cn2n1)c7ccccc7,6.653647025549361
549,CHEMBL505758,nM,223,CN(C)CCNc1ncc2cc(c3ccccc3)c(nc2n1)c4ccc(CN5CCC(CC5)c6nnc([nH]6)c7ccccn7)cc4,6.651695136951839
550,CHEMBL499961,nM,225,CN1CCN(CC1)c2ccc3nc(c4ccccc4)c(nc3n2)c5ccc(CN6CCC(CC6)c7nnc([nH]7)c8ccc(N)nc8)cc5,6.647817481888637
551,CHEMBL3672014,nM,228,Cc1nc2nc(c3ccc(CN4CCC(CC4)c5nc6ccc(F)cc6[nH]5)cc3)c(cn2n1)c7ccccc7,6.642065152999546
552,CHEMBL442718,nM,229,C(N1CCC(CC1)c2nnc([nH]2)c3ccccn3)c4ccc(cc4)c5nc6nc(ncc6cc5c7ccccc7)N8CCCCC8,6.6401645176601125
553,CHEMBL3699687,nM,229,Cc1ccc2nc(c3ccc(cc3)C4(N)CCC4)c(c5ccccc5)n2c1,6.6401645176601125
554,CHEMBL447558,nM,230,Nc1ccc(cn1)c2nnc([nH]2)C3CCN(Cc4ccc(cc4)c5nc6nc(ccc6nc5c7ccccc7)N8CCN(CCO)CC8)CC3,6.638272163982407
555,CHEMBL3699726,nM,231,NC1(CCC1)c2ccc(cc2)c3nc4c(cccn4c3c5ccccc5)c6cn[nH]c6,6.636388020107855
556,CHEMBL3699719,nM,233,CCOC(=O)c1cccn2c(c3ccccc3)c(nc12)c4ccc(cc4)C5(N)CCC5,6.632644078973981
557,CHEMBL253457,nM,239,Nc1ncnc2nc(c3ccc(CN4CCC(CC4)c5nc6ccc(F)cc6[nH]5)cc3)c(cc12)c7ccccc7,6.621602099051863
558,CHEMBL3699734,nM,239,NC1(CCC1)c2ccc(cc2)c3nc4ccc(cn4c3c5ccccc5)C(=O)NCC6CC6,6.621602099051863
559,CHEMBL3699684,nM,241,Cc1ccn2c(c3ccccc3)c(nc2c1)c4ccc(cc4)C5(N)CCC5,6.617982957425132
560,CHEMBL488654,nM,243,C(N1CCC(CC1)c2nnc([nH]2)c3ccccn3)c4ccc(cc4)c5nc6nc(ncc6cc5c7ccccc7)N8CCOCC8,6.614393726401688
561,CHEMBL261247,nM,246,NC(C1CCN(CC1)c2ncnc3[nH]ccc23)c4ccccc4,6.609064892896621
562,CHEMBL2177380,nM,249,CC(C)NC[C@@H](C(=O)N1CCN(CC1)c2ncnc3[C@@H](O)C[C@@H](C)c23)c4ccc(Cl)cc4,6.603800652904264
563,CHEMBL606467,nM,250.0,Cc1n[nH]c2ncc(nc12)c3cc(OC[C@@H](N)Cc4c[nH]c5ccccc45)c(nc3c6cocc6)C#N,6.6020599913279625
564,CHEMBL596990,nM,250,NC1(CCN(CC1)c2ncnc3[nH]ccc23)C(=O)N4CCc5ccccc5C4,6.6020599913279625
565,CHEMBL442919,nM,251.4,OCCNCc1nnc2c3cc(c4ccccc4)c(nc3ccn12)c5ccc(CN6CCC(CC6)c7n[nH]c(n7)c8ccccn8)cc5,6.599634726650061
566,CHEMBL3672034,nM,253,Fc1ccc(cc1)c2cn3ccnc3nc2c4ccc(CN5CC(C5)c6n[nH]c(n6)c7ccccn7)cc4,6.596879478824182
567,CHEMBL3699723,nM,253,NC1(CCC1)c2ccc(cc2)c3nc4c(cccn4c3c5ccccc5)C6CC6,6.596879478824182
568,CHEMBL3672037,nM,256,Cc1cn2cc(c3ccccc3)c(nc2n1)c4ccc(CN5CCC(CC5)c6cnc7ccccc7n6)cc4,6.59176003468815
569,CHEMBL383541,nM,257,N[C@H](COc1cncc(\C=C\c2ccncc2)c1)Cc3c[nH]c4ccccc34,6.590066876668706
570,CHEMBL402199,nM,259,Nc1ncnc2nc(c3ccc(CN4CCC(CC4)N5C(=O)Nc6ccccc56)cc3)c(cc12)c7ccccc7,6.586700235918748
571,CHEMBL261540,nM,260,C(N1CCC(CC1)c2cc([nH]n2)c3ccncc3)c4ccc(cc4)c5nc6ncccc6cc5c7ccccc7,6.585026652029182
572,CHEMBL227381,nM,260.0,Clc1ccc(COCCNCCNS(=O)(=O)c2cccc3cnccc23)cc1,6.585026652029182
573,CHEMBL3699694,nM,263,NC1(CCC1)c2ccc(cc2)c3nc4c(CO)cccn4c3c5ccccc5,6.580044251510242
574,CHEMBL3672489,nM,264,NC1(CCC1)c2ccc(cc2)c3nn4c(Br)cnc4cc3c5ccccc5,6.578396073130168
575,CHEMBL3699746,nM,267,COc1cncc(c1)c2cccn3c(c4ccccc4)c(nc23)c5ccc(cc5)C6(N)CCC6,6.573488738635424
576,CHEMBL403356,nM,267,CSc1ncc2cc(c3ccccc3)c(nc2n1)c4ccc(CN5CCC(CC5)c6nnc(N)s6)cc4,6.573488738635424
577,CHEMBL261260,nM,270,NC1CCN(CC1)c2ncnc3[nH]cnc23,6.568636235841012
578,CHEMBL3672040,nM,273,C(N1CCC(CC1)c2cnc3ccccc3n2)c4ccc(cc4)c5nc6nc(nn6cc5c7ccccc7)C8CC8,6.5638373529592435
579,CHEMBL401999,nM,274,Nc1nc(N)c2cc(c3ccccc3)c(nc2n1)c4ccc(CN5CCC(CC5)N6C(=O)Nc7ccccc67)cc4,6.562249437179612
580,CHEMBL3699685,nM,274,Cc1cccn2c(c3ccccc3)c(nc12)c4ccc(cc4)C5(N)CCC5,6.562249437179612
581,CHEMBL3699720,nM,277,NC1(CCC1)c2ccc(cc2)c3nc4c(F)cccn4c3c5ccccc5,6.557520230935552
582,CHEMBL3672485,nM,277,Cc1ccc(cc1)c2cnc3cc(c4ccccc4)c(nn23)c5ccc(cc5)C6(N)CCC6,6.557520230935552
583,CHEMBL3672481,nM,278,CS(=O)(=O)c1ccc(cc1)c2cnc3cc(c4ccccc4)c(nn23)c5ccc(cc5)C6(N)CCC6,6.555955204081924
584,CHEMBL3699729,nM,279,CC(C)NC(=O)c1ccc2nc(c3ccc(cc3)C4(N)CCC4)c(c5ccccc5)n2c1,6.554395796726403
585,CHEMBL1258662,nM,279,N[C@H](Cc1ccc(Br)cc1)C(=O)N2CCN(CC2)c3ncnc4ccccc34,6.554395796726403
586,CHEMBL223339,nM,280.0,NC[C@H](c1ccc(Cl)cc1)c2ccc(cc2)c3cn[nH]c3,6.552841968657781
587,CHEMBL259982,nM,280,C(N1CCC(CC1)c2cc([nH]n2)c3ccccn3)c4ccc(cc4)c5nc6ncccc6cc5c7ccccc7,6.552841968657781
588,CHEMBL272292,nM,281,OC(=O)c1ccc2nc(c3ccc(CN4CCC(CC4)N5C(=O)Nc6ccccc56)cc3)c(nc2c1)c7ccccc7,6.55129368009492
589,CHEMBL402579,nM,281,Cc1nc2ccccc2n1C3CCN(Cc4ccc(cc4)c5nc6ncnc(N)c6cc5c7ccccc7)CC3,6.55129368009492
590,CHEMBL502113,nM,284,OCCN1CCN(CC1)c2ncc3cc(c4ccccc4)c(nc3n2)c5ccc(CN6CCC(CC6)c7nnc([nH]7)C8=CNC(=O)C=C8)cc5,6.546681659952963
591,CHEMBL3703128,nM,288,NC1(CCC1)c2ccc(cc2)c3nc4ccc(cn4c3c5ccccc5)c6ccncc6,6.5406075122407685
592,CHEMBL259356,nM,290,NCC1CCN(CC1)c2ncnc3[nH]cnc23,6.537602002101044
593,CHEMBL3699670,nM,291,COc1cnc2nc(c3ccc(cc3)C4(N)CCC4)c(c5ccccc5)n2c1,6.536107011014092
594,CHEMBL3699669,nM,293,Cc1cnc2nc(c3ccc(cc3)C4(N)CCC4)c(c5ccccc5)n2c1,6.53313237964589
595,CHEMBL3699733,nM,295,NC1(CCC1)c2ccc(cc2)c3nc4ccc(cn4c3c5ccccc5)C(=O)NC6CC6,6.530177984021837
596,CHEMBL450772,nM,297,O=S1(=O)CCN(CC1)c2ncc3cc(c4ccccc4)c(nc3n2)c5ccc(CN6CCC(CC6)c7nnc([nH]7)c8ccccn8)cc5,6.527243550682788
597,CHEMBL180231,nM,300,O=C1Nc2ccccc2N1C3CCN(Cc4ccc(cc4)c5nc6cc7cn[nH]c7cc6nc5c8ccccc8)CC3,6.522878745280337
598,CHEMBL252856,nM,301,CSc1ncc2cc(c3ccccc3)c(nc2n1)c4ccc(CN5CCC(CC5)C(=O)Nc6ccncc6)cc4,6.521433504406157
599,CHEMBL3703145,nM,305,CON(C)C(=O)c1ccn2c(c3ccccc3)c(nc2c1)c4ccc(cc4)C5(N)CCC5,6.515700160653214
600,CHEMBL3703149,nM,308,CNC(=O)Nc1ccc2nc(c3ccc(cc3)C4(N)CCC4)c(c5ccccc5)n2c1,6.511449283499555
601,CHEMBL2012702,nM,311,CN(C)CCNc1cc(Cl)cc(N2CCN(CC2)c3ncnc4[nH]nc(Br)c34)c1C,6.507239610973162
602,CHEMBL3703150,nM,313,CS(=O)(=O)Nc1ccc2nc(c3ccc(cc3)C4(N)CCC4)c(c5ccccc5)n2c1,6.504455662453552
603,CHEMBL3699683,nM,313,NC1(CCC1)c2ccc(cc2)c3nc4c(cccn4c3c5ccccc5)C#N,6.504455662453552
604,CHEMBL3672013,nM,316,N#Cc1ccc2nc([nH]c2c1)C3CCN(Cc4ccc(cc4)c5nc6ccnn6cc5c7ccccc7)CC3,6.500312917381596
605,CHEMBL1096636,nM,316,CCn1c(nc2c(nc(OCCCCN)cc12)C#CC(C)(C)O)c3nonc3N,6.500312917381596
606,CHEMBL178468,nM,325,CC(C)Cc1nc(c2ccccc2)c(nc1O)c3ccc(CN4CCC(CC4)n5c(O)nc6ccccc56)cc3,6.488116639021126
607,CHEMBL3672510,nM,326,NC1(CCC1)c2ccc(cc2)c3nn4c(C=C)cnc4cc3c5ccccc5,6.486782399932061
608,CHEMBL3699671,nM,328,CCOc1cnc2nc(c3ccc(cc3)C4(N)CCC4)c(c5ccccc5)n2c1,6.484126156288321
609,CHEMBL180058,nM,332,Cn1nnc(n1)c2ccc3nc(c4ccccc4)c(nc3c2)c5ccc(CN6CCC(CC6)n7c(O)nc8ccccc78)cc5,6.478861916295964
610,CHEMBL3672019,nM,332,Nc1ncnc2c1cnn2C3CCN(Cc4ccc(cc4)c5nc6ccnn6cc5c7ccccc7)CC3,6.478861916295964
611,CHEMBL3699741,nM,338,NC(=O)C1(COc2ccn3c(c4ccccc4)c(nc3n2)c5ccc(cc5)C6(N)CCC6)CC1,6.471083299722345
612,CHEMBL2325987,nM,344,CC(NC(=O)C1(N)CCN(CC1)c2ncnc3[nH]ccc23)c4ccc(F)cc4,6.46344155742847
613,CHEMBL2177389,nM,356,CC(C)NC[C@@H](C(=O)N1CCN(CC1)c2ncnc3CC[C@@H](CO)c23)c4ccc(Cl)cc4,6.448550002027124
614,CHEMBL3699693,nM,357,NC1(CCC1)c2ccc(cc2)c3nc4cc(CO)ccn4c3c5ccccc5,6.447331783887806
615,CHEMBL270444,nM,359,CCN(CC)CCNC(=O)c1ccc2nc(c3ccc(CN4CCC(CC4)N5C(=O)Nc6ccccc56)cc3)c(nc2c1)c7ccccc7,6.44490555142168
616,CHEMBL3703121,nM,369,NC1(CCC1)c2ccc(cc2)c3nc4ccc(cn4c3c5ccccc5)c6cnc[nH]6,6.432973633840939
617,CHEMBL3672047,nM,374,Cc1nc2nc(c3ccc(CN4CC(C4)c5n[nH]c(n5)c6ccccn6)cc3)c(c(NC7CCC7)n2n1)c8ccccc8,6.427128397799519
618,CHEMBL446779,nM,376.1,CN1CCN(Cc2nnc3c4cc(c5ccccc5)c(nc4ccn23)c6ccc(CN7CCC(CC7)c8n[nH]c(n8)c9ccccn9)cc6)CC1,6.424696666577601
619,CHEMBL3699703,nM,385,NC1(CCC1)c2ccc(cc2)c3nc4ccc(CO)cn4c3c5ccccc5,6.414539270491499
620,CHEMBL3699722,nM,385,NC1(CCC1)c2ccc(cc2)c3nc4ccc(F)cn4c3c5ccccc5,6.414539270491499
621,CHEMBL273160,nM,388,OC(=O)c1ccc2nc(c3ccccc3)c(nc2c1)c4ccc(CN5CCC(CC5)N6C(=O)Nc7ccccc67)cc4,6.411168274405792
622,CHEMBL3699761,nM,392,Cc1c(Cl)cn2c(c3ccccc3)c(nc2c1c4ccn[nH]4)c5ccc(cc5)C6(N)CCC6,6.406713932979542
623,CHEMBL3703171,nM,397,NC1(CCC1)c2ccc(cc2)c3nc4c(Cl)cc(cn4c3c5ccccc5)C#N,6.401209493236885
624,CHEMBL389176,nM,400.0,NC(c1ccccc1)c2ccc(cc2)c3ncnc4[nH]cnc34,6.3979400086720375
625,CHEMBL3544960,nM,402,NC[C@@](O)(c1ccc(Cl)cc1)c2ccc(cc2)c3cn[nH]c3,6.39577394691553
626,CHEMBL3699678,nM,402,NC1(CCC1)c2ccc(cc2)c3nc4nc(ccn4c3c5ccccc5)N6C=CC=CC6=O,6.39577394691553
627,CHEMBL3699763,nM,410,Cc1cc(c2cccnc2)c3nc(c4ccc(cc4)C5(N)CCC5)c(c6ccccc6)n3c1,6.3872161432802645
628,CHEMBL3699704,nM,416,COCCOc1ccn2c(c3ccccc3)c(nc2n1)c4ccc(cc4)C5(N)CCC5,6.380906669373257
629,CHEMBL3672022,nM,417,Cc1nc2nc(c3ccc(CN4CCC(CC4)n5ncc6c(N)ncnc56)cc3)c(cn2n1)c7ccccc7,6.379863945026242
630,CHEMBL3703159,nM,417,NC(=O)CCc1ccn2c(c3ccccc3)c(nc2c1)c4ccc(cc4)C5(N)CCC5,6.379863945026242
631,CHEMBL3699690,nM,419,COCc1ccc2nc(c3ccc(cc3)C4(N)CCC4)c(c5ccccc5)n2c1,6.377785977033705
632,CHEMBL499683,nM,421,O[C@@H]1CN(CCN1)c2ncc3cc(c4ccccc4)c(nc3n2)c5ccc(CN6CCC(CC6)c7nnc([nH]7)c8ccccn8)cc5,6.375717904164332
633,CHEMBL3699724,nM,422,NC1(CCC1)c2ccc(cc2)c3nc4ccc(C=C)cn4c3c5ccccc5,6.374687549038326
634,CHEMBL3672011,nM,426,N#Cc1ccc2nc([nH]c2c1)C3CCN(Cc4ccc(cc4)c5nc6nccn6cc5c7ccccc7)CC3,6.370590400897282
635,CHEMBL3699673,nM,426,NC1(CCC1)c2ccc(cc2)c3nc4ccc(cn4c3c5ccccc5)C#N,6.370590400897282
636,CHEMBL227605,nM,430.0,NC(Cc1ccccc1)c2ccc(cc2)c3ncnc4[nH]cnc34,6.366531544420413
637,CHEMBL3672494,nM,431,NC1(CCC1)c2ccc(cc2)c3nn4c(cnc4cc3c5ccccc5)c6ccc(O)nc6,6.3655227298392685
638,CHEMBL1258898,nM,433,N[C@H](Cc1ccc(Cl)c(Cl)c1)C(=O)N2CCN(CC2)c3ncnc4ccccc34,6.363512103646634
639,CHEMBL2035021,nM,435,NC1(CCC1)c2ccc(cc2)c3nc4ccccn4c3c5ccccc5,6.361510743045363
640,CHEMBL3672024,nM,435,Cc1nc2nc(c3ccc(CN4CCC(C4)c5n[nH]c(n5)c6ccccn6)cc3)c(cn2n1)c7ccccc7,6.361510743045363
641,CHEMBL3703154,nM,459,NC1(CCC1)c2ccc(cc2)c3nc4ccc(O)cn4c3c5ccccc5,6.338187314462739
642,CHEMBL3703130,nM,462,NC1(CCC1)c2ccc(cc2)c3nc4ccc(cn4c3c5ccccc5)c6ccccn6,6.335358024443874
643,CHEMBL451961,nM,462,FC1(F)CCN(C1)c2ncc3cc(c4ccccc4)c(nc3n2)c5ccc(CN6CCC(CC6)c7nnc([nH]7)c8ccccn8)cc5,6.335358024443874
644,CHEMBL253458,nM,468,Nc1ncnc2c1cnn2C3CCN(Cc4ccc(cc4)c5nc6ncnc(N)c6cc5c7ccccc7)CC3,6.329754146925875
645,CHEMBL3699778,nM,475,Cc1cc([nH]n1)c2cc(C)c3nc(c4ccc(cc4)C5(N)CCC5)c(c6ccccc6)n3c2,6.323306390375134
646,CHEMBL3672069,nM,476,CNc1c(c2ccccc2)c(nc3nccn13)c4ccc(CN5CC(C5)c6n[nH]c(n6)c7ccccn7)cc4,6.3223930472795065
647,CHEMBL2012703,nM,477,CN(C)CCNc1cc(Cl)cc(N2CCN(CC2)c3ncnc4[nH]nc(c34)C(F)(F)F)c1C,6.3214816209598865
648,CHEMBL3699745,nM,480,NC1(CCC1)c2ccc(cc2)c3nc4c(cccn4c3c5ccccc5)c6cccc(F)c6,6.318758762624412
649,CHEMBL3699731,nM,482,NC1(CCC1)c2ccc(cc2)c3nc4ccc(cn4c3c5ccccc5)C(=O)NCCO,6.31695296176115
650,CHEMBL508861,nM,483.3,ClCc1nnc2c3cc(c4ccccc4)c(nc3ccn12)c5ccc(CN6CCC(CC6)c7n[nH]c(n7)c8ccccn8)cc5,6.31578320486112
651,CHEMBL3703165,nM,486,COC(=O)COc1ccc2nc(c3ccc(cc3)C4(N)CCC4)c(c5ccccc5)n2c1,6.313363730737707
652,CHEMBL252261,nM,494,CSc1ncc2cc(c3ccccc3)c(nc2n1)c4ccc(CNCCc5n[nH]c(n5)c6ccccc6)cc4,6.306273051076353
653,CHEMBL513728,nM,500,NC[C@@H](Cc1ccccc1)NC(=O)c2cc(Br)c(s2)c3ccnc4[nH]ccc34,6.301029995663981
654,CHEMBL3703122,nM,504,NC1(CCC1)c2ccc(cc2)c3nc4ccc(cn4c3c5ccccc5)c6ncc[nH]6,6.297569463554474
655,CHEMBL3672031,nM,509,CC(C)c1nc2nc(c3ccc(CN4CCC(CC4)c5cnc6ccccc6n5)cc3)c(cn2n1)c7ccccc7,6.293282217663242
656,CHEMBL227029,nM,510.0,NCC(c1ccccc1)c2ccc(cc2)c3cn[nH]c3,6.292429823902063
657,CHEMBL3699732,nM,515,COCCNC(=O)c1ccc2nc(c3ccc(cc3)C4(N)CCC4)c(c5ccccc5)n2c1,6.288192770958808
658,CHEMBL3699760,nM,516,Cc1c(Cl)cn2c(c3ccccc3)c(nc2c1c4ccc(F)cc4)c5ccc(cc5)C6(N)CCC6,6.287350298372789
659,CHEMBL3699718,nM,519,NC1(CCC1)c2ccc(cc2)c3nc4cc(ccn4c3c5ccccc5)C(=O)N6CCCC6,6.284832642151542
660,CHEMBL3699744,nM,521,NC1(CCC1)c2ccc(cc2)c3nc4c(cccn4c3c5ccccc5)c6ccc(F)cc6,6.283162276700475
661,CHEMBL252455,nM,529,CSc1ncc2cc(c3ccccc3)c(nc2n1)c4ccc(CNCCc5nnc(N)s5)cc4,6.276544327964814
662,CHEMBL506434,nM,539,CN1CCN(CC1)c2nccc3nc(c4ccc(CN5CCC(CC5)c6nnc([nH]6)c7ccccn7)cc4)c(cc23)c8ccccc8,6.268411234813261
663,CHEMBL3699672,nM,550,NC1(CCC1)c2ccc(cc2)c3nc4ncc(cn4c3c5ccccc5)c6ccccc6,6.259637310505756
664,CHEMBL401622,nM,556,Cn1nc(N)c2cc(c3ccccc3)c(nc12)c4ccc(CN5CCC(CC5)N6C(=O)Nc7ccccc67)cc4,6.2549252084179425
665,CHEMBL3699664,nM,563,NC1(CCC1)c2ccc(cc2)c3nc4ncccn4c3c5ccccc5,6.249491605148654
666,CHEMBL3699681,nM,564,NC1(CCC1)c2ccc(cc2)c3nc4nc(O)ccn4c3c5ccccc5,6.248720896016658
667,CHEMBL270815,nM,577,Nc1nc(O)nc2nc(c3ccc(CN4CCC(CC4)N5C(=O)Nc6ccccc56)cc3)c(cc12)c7ccccc7,6.238824186844269
668,CHEMBL3703146,nM,586,Nc1ccc2nc(c3ccc(cc3)C4(N)CCC4)c(c5ccccc5)n2c1,6.232102383981909
669,CHEMBL104264,nM,590.0,Brc1ccc(\C=C\CNCCNS(=O)(=O)c2cccc3cnccc23)cc1,6.229147988357855
670,CHEMBL1315166,nM,590,Cl.Cl.Brc1ccc(\C=C\CNCCNS(=O)(=O)c2cccc3cnccc23)cc1,6.229147988357855
671,CHEMBL3703123,nM,596,NC1(CCC1)c2ccc(cc2)c3nc4ccc(cn4c3c5ccccc5)c6cc[nH]n6,6.2247537402597635
672,CHEMBL3672010,nM,607,C(N1CCC(CC1)c2nc3cccnc3[nH]2)c4ccc(cc4)c5nc6nccn6cc5c7ccccc7,6.2168113089247425
673,CHEMBL3703168,nM,616,NC1(CCC1)c2ccc(cc2)c3nc4ccc(cn4c3c5ccccc5)c6cccnc6O,6.210419287835574
674,CHEMBL3703103,nM,621,NC1(CCC1)c2ccc(cc2)c3nc4cc(C=C)ccn4c3c5ccccc5,6.20690839982342
675,CHEMBL1258551,nM,630,Cc1ccc(C[C@@H](N)C(=O)N2CCN(CC2)c3ncnc4ccccc34)cc1,6.200659450546418
676,CHEMBL2177819,nM,660.0,Nc1ncccc1c2nc3cccnc3n2c4ccc(CNC(=O)c5ccccc5)cc4,6.180456064458131
677,CHEMBL605326,nM,680,NC1(CCN(CC1)c2ncnc3[nH]ccc23)C(=O)N4CCCC4c5ccccc5,6.167491087293763
678,CHEMBL448926,nM,684,C(N1CCC(CC1)c2nnc([nH]2)c3ccccn3)c4ccc(cc4)c5nc6nc(ncc6cc5c7ccccc7)n8ccnc8,6.164943898279883
679,CHEMBL3640020,nM,686,Cc1cc([nH]n1)c2ccc3nc(c4ccc(cc4)C5(N)CCC5)c(c6ccccc6)n3c2,6.163675884293248
680,CHEMBL255360,nM,696,Nc1ncnc2nc(c3ccc(CN4CCC(CC4)n5cnc6c(N)ncnc56)cc3)c(cc12)c7ccccc7,6.157390760389438
681,CHEMBL2177818,nM,700.0,Nc1ncccc1c2nc3cccnc3n2c4ccc(CC(=O)Nc5ccccc5)cc4,6.154901959985743
682,CHEMBL3703158,nM,703,NC1(CCC1)c2ccc(cc2)c3nc4cc(ccn4c3c5ccccc5)C#C,6.153044674980176
683,CHEMBL3703155,nM,704,NC1(CCC1)c2ccc(cc2)c3nc4c(O)cccn4c3c5ccccc5,6.152427340857888
684,CHEMBL1257163,nM,707,N[C@H](Cc1ccc(cc1)C(F)(F)F)C(=O)N2CCN(CC2)c3ncnc4ccccc34,6.1505805862031
685,CHEMBL2325986,nM,709,CC(NC(=O)C1(N)CCN(CC1)c2ncnc3[nH]ccc23)c4ccccc4,6.149353764816933
686,CHEMBL3703142,nM,711,Nc1ccn2c(c3ccccc3)c(nc2c1)c4ccc(cc4)C5(N)CCC5,6.148130399270234
687,CHEMBL379849,nM,720.0,Fc1ccccc1\C=C\2/CNC\C(=C/c3ccccc3F)\C2=O,6.142667503568731
688,CHEMBL3699765,nM,736,Cc1cc(c2ccn[nH]2)c3nc(c4ccc(cc4)C5(N)CCC5)c(c6ccccc6)n3c1,6.133122185662501
689,CHEMBL188434,nM,741.0,CCn1c(nc2cncc(CNC3CCNCC3)c12)c4nonc4N,6.130181792020672
690,CHEMBL3699748,nM,749,NC1(CCC1)c2ccc(cc2)c3nc4c(cccn4c3c5ccccc5)c6ccc7cn[nH]c7c6,6.125518182300533
691,CHEMBL3672023,nM,759,Cc1nc2nc(c3ccc(CN4CCC(CC4)c5nc6cccnc6[nH]5)cc3)c(cn2n1)c7ccccc7,6.11975822410452
692,CHEMBL3672029,nM,761,COC(=O)c1cnn2cc(c(nc12)c3ccc(CN4CC(C4)c5n[nH]c(n5)c6ccccn6)cc3)c7c(F)cccc7F,6.118615343229427
693,CHEMBL3699692,nM,769,CC(O)c1ccc2nc(c3ccc(cc3)C4(N)CCC4)c(c5ccccc5)n2c1,6.114073660198569
694,CHEMBL261249,nM,770,NCC1CCN(CC1)c2ncnc3[nH]ccc23,6.113509274827518
695,CHEMBL3699740,nM,777,NC1(CCC1)c2ccc(cc2)c3nc4nc(OCCN5CCCC5=O)ccn4c3c6ccccc6,6.1095789811990855
696,CHEMBL2177826,nM,800.0,Nc1ncccc1c2nc3cc(cnc3n2c4ccc(CNC(=O)c5ccccc5)cc4)C6CCCC6,6.096910013008056
697,CHEMBL3672094,nM,801,OCc1cnn2cc(c(nc12)c3ccc(CN4CC(C4)c5n[nH]c(n5)c6ccccn6)cc3)c7c(F)cccc7F,6.096367483915762
698,CHEMBL2325990,nM,805,CC(NC(=O)C1(N)CCN(CC1)c2ncnc3[nH]ccc23)c4ccc(cc4)S(=O)(=O)C,6.094204119632131
699,CHEMBL452823,nM,827,CN1CCN(CC1)c2ccc3nc(c4ccc(CN5CCC(CC5)c6nnc([nH]6)c7ccccn7)cc4)c(nc3n2)c8ccccc8,6.082494490447454
700,CHEMBL265451,nM,830,NC1CCN(CC1)c2ncnc3[nH]ncc23,6.080921907623926
701,CHEMBL2325742,nM,836,C[C@@H](NC(=O)C1(N)CCN(CC1)c2ncnc3[nH]ccc23)c4ccc(Cl)cc4,6.077793722560983
702,CHEMBL255348,nM,839,Nc1nn(CCc2c[nH]cn2)c3nc(c4ccc(CN5CCC(CC5)N6C(=O)Nc7ccccc67)cc4)c(cc13)c8ccccc8,6.076238039171299
703,CHEMBL3703152,nM,871,N[C@@]1(C[C@H](O)C1)c2ccc(cc2)c3nc4nc(O)ccn4c3c5ccccc5,6.059981844992336
704,CHEMBL1258899,nM,872,N[C@H](Cc1ccc(F)c(F)c1)C(=O)N2CCN(CC2)c3ncnc4ccccc34,6.059483515067432
705,CHEMBL264965,nM,880,NC1CCN(CC1)c2ccnc3[nH]ccc23,6.055517327849831
706,CHEMBL407733,nM,900,C(N1CCC(CC1)c2cc([nH]n2)c3cccnc3)c4ccc(cc4)c5nc6ncccc6cc5c7ccccc7,6.045757490560675
707,CHEMBL265193,nM,920,NCC1CCN(CC1)c2ncnc3[nH]ncc23,6.036212172654444
708,CHEMBL252457,nM,928,CSc1ncc2cc(c3ccccc3)c(nc2n1)c4ccc(CN5CCC(CC5)C(=O)N)cc4,6.032452023781138
709,CHEMBL3982161,nM,970,NC1(CCC1)c2ccc(cc2)c3nc4c(O)nccn4c3c5ccccc5,6.013228265733755
710,CHEMBL493911,nM,1000.0,CCn1c(nc2cncc(OC3CCNCC3)c12)c4nonc4N,6.0
711,CHEMBL3672020,nM,1010,Cc1nc2nc(c3ccc(CN4CCC(CC4)c5nc6ccc(cc6[nH]5)C#N)cc3)c(cn2n1)c7ccccc7,5.995678626217357
712,CHEMBL1258779,nM,1067,N[C@H](Cc1ccc(Cl)cc1Cl)C(=O)N2CCN(CC2)c3ncnc4ccccc34,5.97183558057553
713,CHEMBL261542,nM,1075,C(N1CCC(CC1)c2cc([nH]n2)c3ccncc3)c4ccc(cc4)c5nc6ccccc6nc5c7ccccc7,5.968591535748375
714,CHEMBL3672016,nM,1080,C(N1CCC(CC1)c2nc3cccnc3[nH]2)c4ccc(cc4)c5nc6ccnn6cc5c7ccccc7,5.96657624451305
715,CHEMBL3672018,nM,1090,Fc1ccc2nc([nH]c2c1)C3CCN(Cc4ccc(cc4)c5nc6ccnn6cc5c7ccccc7)CC3,5.962573502059376
716,CHEMBL3703170,nM,1093,Cc1cccc2nc(c3ccc(cc3)C4(N)CCC4)c(c5ccccc5)n12,5.961379838050297
717,CHEMBL3672056,nM,1100,Cc1nc2nc(c3ccc(CN4CCC(CC4)c5n[nH]c(n5)c6cnccn6)cc3)c(cn2n1)c7ccc(F)cc7F,5.958607314841775
718,CHEMBL403354,nM,1160,CSc1ncc2cc(c3ccccc3)c(nc2n1)c4ccc(CNCCc5cccnc5)cc4,5.935542010773082
719,CHEMBL572629,nM,1179,CC1=NC(=C(NC1=O)c2ccc(CN3CCC(CC3)N4C(=O)Nc5ccccc45)cc2)c6ccccc6,5.928486194904911
720,CHEMBL509747,nM,1213,NC(=O)Nc1nnc2c3cc(c4ccccc4)c(nc3ccn12)c5ccc(CN6CCC(CC6)c7n[nH]c(n7)c8ccccn8)cc5,5.916139199133427
721,CHEMBL3667045,nM,1220,C(N1CCC(CC1)c2nc3ccncc3[nH]2)c4ccc(cc4)c5nc6nccn6cc5c7ccccc7,5.913640169325252
722,CHEMBL255559,nM,1228,Nc1nn(CCO)c2nc(c3ccc(CN4CCC(CC4)N5C(=O)Nc6ccccc56)cc3)c(cc12)c7ccccc7,5.9108016331948505
723,CHEMBL252054,nM,1242,CSc1ncc2cc(c3ccccc3)c(nc2n1)c4ccc(CNCCc5c[nH]cn5)cc4,5.905878404159439
724,CHEMBL1258442,nM,1288,N[C@H](Cc1ccc(F)cc1)C(=O)N2CCN(CC2)c3ncnc4ccccc34,5.890084136976206
725,CHEMBL276130,nM,1299,CSc1ncc2cc(c3ccccc3)c(nc2n1)c4ccc(CNCCC(=O)N)cc4,5.886390848926972
726,CHEMBL404553,nM,1304,CSc1ncc2cc(c3ccccc3)c(nc2n1)c4ccc(CN5CCC(CC5)c6onc(n6)c7cccnc7)cc4,5.884722408604098
727,CHEMBL3703160,nM,1318,CCC(=O)CCc1ccc2nc(c3ccc(cc3)C4(N)CCC4)c(c5ccccc5)n2c1,5.880084589742009
728,CHEMBL220241,nM,1350,CCn1c(nc2cnc(Oc3cccc(NC(=O)c4ccc(OCCN5CCOCC5)cc4)c3)cc12)c6nonc6N,5.8696662315049934
729,CHEMBL3699769,nM,1375,Cc1cc(C(=O)N)c2nc(c3ccc(cc3)C4(N)CCC4)c(c5ccccc5)n2c1,5.861697301833718
730,CHEMBL252056,nM,1381,CSc1ncc2cc(c3ccccc3)c(nc2n1)c4ccc(CNCCc5nccs5)cc4,5.8598063214213685
731,CHEMBL2035019,nM,1439,NC1(CCC1)c2ccc(cc2)c3nn4ccnc4cc3c5ccccc5,5.841939206063395
732,CHEMBL3672062,nM,1440,Fc1ccc(cc1)c2cn3ccnc3nc2c4ccc(CN5CCC(CC5)c6n[nH]c(n6)c7cnccn7)cc4,5.84163750790475
733,CHEMBL3699737,nM,1483,CN(C)C(=O)c1ccc2nc(c3ccc(cc3)C4(N)CCC4)c(c5ccccc5)n2c1,5.828858848971618
734,CHEMBL1258550,nM,1485,COc1ccc(C[C@@H](N)C(=O)N2CCN(CC2)c3ncnc4ccccc34)cc1,5.828273546346769
735,CHEMBL564972,nM,1500.0,O=C1COc2ccc(cc2N1)c3cc(cc(n3)c4ccc5OC(=O)Nc5c4)c6ccccc6,5.823908740944319
736,CHEMBL252259,nM,1514,CSc1ncc2cc(c3ccccc3)c(nc2n1)c4ccc(CNCCCn5ccnc5)cc4,5.8198741248359465
737,CHEMBL3699725,nM,1592,NC1(CCC1)c2ccc(cc2)c3nc4c(C=C)cccn4c3c5ccccc5,5.79805693659835
738,CHEMBL375509,nM,1600.0,CNCc1cccc(c1)c2ncnc3[nH]cnc23,5.795880017344075
739,CHEMBL429703,nM,1600,C(N1CCC(CC1)c2cc([nH]n2)c3ccccc3)c4ccc(cc4)c5nc6ncccc6cc5c7ccccc7,5.795880017344075
740,CHEMBL252055,nM,1709,CSc1ncc2cc(c3ccccc3)c(nc2n1)c4ccc(CNCCc5nc[nH]n5)cc4,5.767257937279263
741,CHEMBL3672479,nM,1726,Cc1cnc2cc(c3ccccc3)c(nn12)c4ccc(cc4)C5(N)CCC5,5.762959208620809
742,CHEMBL3143722,nM,1755,O=C1Nc2ccccc2N1C3CCN(Cc4ccc(cc4)C5=C(N=C(Cc6ccccc6)C(=O)N5)c7ccccc7)CC3,5.7557228791981565
743,CHEMBL403355,nM,1792,CSc1ncc2cc(c3ccccc3)c(nc2n1)c4ccc(CNCCc5n[nH]c(C)n5)cc4,5.746661994673893
744,CHEMBL181419,nM,1877,Cn1nnc(n1)c2ccc3nc(c4ccc(CN5CCC(CC5)n6c(O)nc7ccccc67)cc4)c(nc3c2)c8ccccc8,5.7265357273786535
745,CHEMBL2338333,nM,1900.0,CN1C\C(=C/c2ccccn2)\C(=O)\C(=C\c3ccccn3)\C1,5.721246399047171
746,CHEMBL252652,nM,1909,CCNC(=O)NC1CCN(Cc2ccc(cc2)c3nc4nc(SC)ncc4cc3c5ccccc5)CC1,5.719194071606333
747,CHEMBL1956071,nM,1950,CCn1c(nc2cncc(C(=O)N3CC[C@H](N)C3)c12)c4nonc4N,5.709965388637482
748,CHEMBL3699702,nM,1958,COCCNCc1ccc2nc(c3ccc(cc3)C4(N)CCC4)c(c5ccccc5)n2c1,5.708187312532881
749,CHEMBL2177376,nM,2005,C[C@@H]1C[C@@H](O)c2ncnc(N3CCN(CC3)C(=O)[C@H](CNCC(F)(F)F)c4ccc(Cl)cc4)c12,5.697885623043799
750,CHEMBL3703167,nM,2026,NC1(CCC1)c2ccc(cc2)c3nc4cc(O)ccn4c3c5ccccc5,5.693360558975739
751,CHEMBL429576,nM,2062,Nc1nc(c2ccc(CN3CCC(CC3)N4C(=O)Nc5ccccc45)cc2)c(cc1C#N)c6ccccc6,5.685711339052503
752,CHEMBL260397,nM,2090,Oc1nc2ccccc2n1C3CCN(Cc4ccc(cc4)c5nc6ccccc6nc5c7ccccc7)CC3,5.679853713888946
753,CHEMBL252653,nM,2106,CSc1ncc2cc(c3ccccc3)c(nc2n1)c4ccc(CN5CCC(CC5)C(=O)NCCC(=O)N)cc4,5.676541633150532
754,CHEMBL3672035,nM,2290,Fc1ccc(cc1)c2cn3ccnc3nc2c4ccc(CN5CCC(CC5)c6cnc7ccccc7n6)cc4,5.6401645176601125
755,CHEMBL523695,nM,2340.0,CCn1c(nc2cncc(C(=O)N3CC[C@@H](N)C3)c12)c4nonc4N,5.630784142589857
756,CHEMBL3672021,nM,2500,Cc1nc2nc(c3ccc(CN4CCC(CC4)c5nc6ccc(cc6[nH]5)C(F)(F)F)cc3)c(cn2n1)c7ccccc7,5.6020599913279625
757,CHEMBL493066,nM,2510.0,CCn1c(nc2cncc(C(=O)N3CCNCC3)c12)c4nonc4N,5.600326278518962
758,CHEMBL494662,nM,2570.0,CCn1c(nc2cncc(C(=O)NC3CCNCC3)c12)c4nonc4N,5.590066876668706
759,CHEMBL226870,nM,3000.0,NCCCc1ccc(cc1)c2cn[nH]c2,5.522878745280337
760,CHEMBL2012701,nM,3021,CCc1n[nH]c2ncnc(N3CCN(CC3)c4cc(Cl)cc(NCCN(C)C)c4C)c12,5.519849274726719
761,CHEMBL227998,nM,3200.0,NCCc1cccc(c1)c2ncnc3[nH]cnc23,5.494850021680094
762,CHEMBL2036343,nM,3300.0,O=C1\C(=C\c2ccccn2)\CSC/C/1=C\c3ccccn3,5.481486060122112
763,CHEMBL443633,nM,3570,CN1CCN(CC1)c2nccc3cc(c4ccccc4)c(nc23)c5ccc(CN6CCC(CC6)c7nnc([nH]7)c8ccccn8)cc5,5.447331783887806
764,CHEMBL506153,nM,3980.0,CCn1c(nc2cncc(C(=O)NCCNC)c12)c3nonc3N,5.400116927926312
765,CHEMBL2177383,nM,4177,CC(C)NC[C@@H](C(=O)N1CCN(CC1)c2ncnc3c2[C@H](C)CC3(F)F)c4ccc(Cl)cc4,5.379135524734879
766,CHEMBL590109,nM,4200.0,NCCn1cc(c2cc(c3cc4ccccc4s3)c5[nH]ncc5c2)c6nc(N)ncc16,5.376750709602099
767,CHEMBL1258441,nM,4371,N[C@H](Cc1ccc(cc1)C#N)C(=O)N2CCN(CC2)c3ncnc4ccccc34,5.359419193510347
768,CHEMBL3143721,nM,4517,CCC(C)C1=NC(=C(NC1=O)c2ccc(CN3CCC(CC3)N4C(=O)Nc5ccccc45)cc2)c6ccccc6,5.3451499094386055
769,CHEMBL3672504,nM,4823,Cc1nc2cc(c3ccccc3)c(nn2c1c4ccc(cc4)C(=O)N)c5ccc(cc5)C6(N)CCC6,5.316682738078118
770,CHEMBL1257281,nM,4951,COc1cc(C[C@@H](N)C(=O)N2CCN(CC2)c3ncnc4ccccc34)cc(OC)c1,5.305307073668516
771,CHEMBL1257280,nM,5027,N[C@H](Cc1cc(F)cc(F)c1)C(=O)N2CCN(CC2)c3ncnc4ccccc34,5.298691114771925
772,CHEMBL3672503,nM,5107,Cc1nc2cc(c3ccccc3)c(nn2c1c4ccc(F)cc4)c5ccc(cc5)C6(N)CCC6,5.2918341421444595
773,CHEMBL252654,nM,5127,CSc1ncc2cc(c3ccccc3)c(nc2n1)c4ccc(CN5CCC(CC5)NC(=O)CNC(=O)C)cc4,5.2901366825596
774,CHEMBL228224,nM,5200.0,Cc1n[nH]cc1c2ccc(CCN)cc2,5.2839966563652006
775,CHEMBL3672505,nM,5228,Cc1nc2cc(c3ccccc3)c(nn2c1c4ccn[nH]4)c5ccc(cc5)C6(N)CCC6,5.281664421091493
776,CHEMBL3143723,nM,5407,Oc1ccc(CC2=NC(=C(NC2=O)c3ccc(CN4CCC(CC4)N5C(=O)Nc6ccccc56)cc3)c7ccccc7)cc1,5.267043630424375
777,CHEMBL1258778,nM,5586,N[C@H](Cc1cccc(Cl)c1)C(=O)N2CCN(CC2)c3ncnc4ccccc34,5.252899068635013
778,CHEMBL3672015,nM,5840,Cc1nc2nc(c3ccc(CN4CCC(CC4)c5nc6ccncc6[nH]5)cc3)c(cn2n1)c7ccccc7,5.2335871528876
779,CHEMBL593573,nM,6300.0,CCNc1nc(c2cocc2)c(cc1OC[C@@H](N)Cc3ccccc3)c4cnc5[nH]nc(C)c5n4,5.200659450546418
780,CHEMBL376388,nM,6900.0,CNCc1ccc(cc1)c2ncnc3[nH]cnc23,5.161150909262744
781,CHEMBL270157,nM,7356,Nc1n[nH]c2nc(c3ccc(CN4CCC(CC4)N5C(=O)Nc6ccccc56)cc3)c(cc12)c7ccccc7,5.13335827943396
782,CHEMBL270388,nM,7356,Clc1nc(c2ccc(CN3CCC(CC3)N4C(=O)Nc5ccccc45)cc2)c(cc1C#N)c6ccccc6,5.13335827943396
783,CHEMBL2325988,nM,8111,CC(NC(=O)C1(N)CCN(CC1)c2ncnc3[nH]ccc23)c4cccnc4,5.090925598599096
784,CHEMBL255772,nM,8141,CNc1nc(c2ccc(CN3CCC(CC3)N4C(=O)Nc5ccccc45)cc2)c(cc1C#N)c6ccccc6,5.089322245257295
785,CHEMBL1258329,nM,8362,N[C@H](Cc1ccccc1)C(=O)N2CCN(CC2)c3ncnc4ccccc34,5.077689836785604
786,CHEMBL2325991,nM,8578,COc1ccc(cc1OC)C(C)NC(=O)C2(N)CCN(CC2)c3ncnc4[nH]ccc34,5.066613958096946
787,CHEMBL251860,nM,8923,CSc1ncc2cc(c3ccccc3)c(nc2n1)c4ccc(CNCCCN5CCN(C)CC5)cc4,5.049489107014003
788,CHEMBL227727,nM,9500.0,NCCc1ccc(cc1)c2ncnc3[nH]cnc23,5.022276394711152
789,CHEMBL2420911,nM,9500.0,C1CNCC2(C1)CCN(CC2)c3ncnc4[nH]cnc34,5.022276394711152
790,CHEMBL3672025,nM,9880,Cc1nc2nc(c3ccc(CN4CCC(CC4)c5cnc6ccccc6n5)cc3)c(cn2n1)c7ccccc7,5.005243055412372
791,CHEMBL493067,nM,10000.0,CCn1c(nc2cncc(C(=O)NC3CCCNC3)c12)c4nonc4N,5.0
792,CHEMBL3884319,nM,10000,CC1(C)C(=O)N([C@H]2CCc3c(O)cccc23)c4nc(Nc5ccccc5)ncc14,5.0
793,CHEMBL3672512,nM,10120,COC(=O)\C=C\c1c(C)nc2cc(c3ccccc3)c(nn12)c4ccc(cc4)C5(N)CCC5,4.99481948749622
794,CHEMBL226766,nM,12000.0,Cc1[nH]ncc1c2ccc(CN)cc2,4.920818753952375
795,CHEMBL257441,nM,15390,CN(C)c1nc(c2ccc(CN3CCC(CC3)N4C(=O)Nc5ccccc45)cc2)c(cc1C#N)c6ccccc6,4.812761380168522
796,CHEMBL440560,nM,15700,O=C1NC(=C(N=C1)c2ccc(CN3CCC(CC3)N4C(=O)Nc5ccccc45)cc2)c6ccccc6,4.804100347590766
797,CHEMBL2325989,nM,16498,CC(NC(=O)C1(N)CCN(CC1)c2ncnc3[nH]ccc23)c4ccccn4,4.782568700732143
798,CHEMBL3672513,nM,16689,Cc1nc2cc(c3ccccc3)c(nn2c1C=C)c4ccc(cc4)C5(N)CCC5,4.777569685339509
799,CHEMBL3672501,nM,16725,Cc1nc2cc(c3ccccc3)c(nn2c1c4ccc(F)c(CO)c4)c5ccc(cc5)C6(N)CCC6,4.776633873560139
800,CHEMBL3672500,nM,16764,Cc1nc2cc(c3ccccc3)c(nn2c1c4cccc(c4)C(=O)N)c5ccc(cc5)C6(N)CCC6,4.775622347838193
801,CHEMBL3672506,nM,17150,Cc1cc([nH]n1)c2c(C)nc3cc(c4ccccc4)c(nn23)c5ccc(cc5)C6(N)CCC6,4.7657358756212105
802,CHEMBL252260,nM,17470,CSc1ncc2cc(c3ccccc3)c(nc2n1)c4ccc(CN(C)CCc5cn[nH]c5)cc4,4.757707095017069
803,CHEMBL428462,nM,18000.0,Clc1ccc(cc1)C2(CCNCC2)c3ccc(cc3)c4cn[nH]c4,4.7447274948966935
804,CHEMBL362016,nM,18000,CC(C)Cc1nc(c2ccc(CN3CCC(CC3)n4c(O)nc5ccccc45)cc2)c(nc1O)c6ccccc6,4.7447274948966935
805,CHEMBL3672514,nM,20000,CCc1c(C)nc2cc(c3ccccc3)c(nn12)c4ccc(cc4)C5(N)CCC5,4.698970004336019
806,CHEMBL3639713,nM,20000,Cc1cn2nc(c3ccc(cc3)C4(N)CCC4)c(cc2n1)c5ccccc5,4.698970004336019
807,CHEMBL3672511,nM,20000,Cc1nc2cc(c3ccccc3)c(nn2c1\C=C\C(=O)N)c4ccc(cc4)C5(N)CCC5,4.698970004336019
808,CHEMBL362455,nM,23000,CC(C)(N)c1ccc(cc1)c2nc3ccccc3nc2c4ccccc4,4.638272163982407
809,CHEMBL178397,nM,24000,CC1=NC(=C(NC1=O)c2ccccc2)c3ccc(CN4CCC(CC4)N5C(=O)Nc6ccccc56)cc3,4.619788758288394
810,CHEMBL460472,nM,25000.0,COc1ccc2c(Oc3ccc(NC(=O)C4=C(C)N(CC(C)(C)O)N(C4=O)c5ccccc5)nc3)ccnc2c1,4.6020599913279625
811,CHEMBL2031893,nM,25000.0,COc1cc2nccc(Oc3ccc(NC(=O)C4=C(C)N(C)N(C4=O)c5ccccc5)cc3F)c2cc1OC,4.6020599913279625
812,CHEMBL1258663,nM,26500,N[C@H](Cc1ccccc1Cl)C(=O)N2CCN(CC2)c3ncnc4ccccc34,4.576754126063192
813,CHEMBL223393,nM,31000.0,NCC(c1ccc(Cl)cc1)c2ccc(cc2)c3cn[nH]c3,4.508638306165727
814,CHEMBL227924,nM,34000.0,NC[C@@H](c1ccc(Cl)cc1)c2ccc(cc2)c3cn[nH]c3,4.468521082957745
815,CHEMBL402355,nM,37720,COc1nc(c2ccc(CN3CCC(CC3)N4C(=O)Nc5ccccc45)cc2)c(cc1C#N)c6ccccc6,4.423428315934709
816,CHEMBL1257164,nM,37826,N[C@H](Cc1ccc(cc1)c2ccccc2)C(=O)N3CCN(CC3)c4ncnc5ccccc45,4.422209581778241
817,CHEMBL264667,nM,41000,NC(=O)C1CCN(CC1)c2ncnc3[nH]cnc23,4.3872161432802645
818,CHEMBL178133,nM,45270,Oc1ccc(CC2=NC(=C(NC2=O)c3ccccc3)c4ccc(CN5CCC(CC5)N6C(=O)Nc7ccccc67)cc4)cc1,4.3441895055047475
819,CHEMBL2177830,nM,51000.0,Nc1ncccc1c2nc3cc(cnc3n2c4ccc(CNC(=O)c5ccccc5)cc4)c6ccccc6,4.292429823902063
820,CHEMBL264666,nM,59000,C1CCN(CC1)c2ncnc3[nH]cnc23,4.229147988357856
821,CHEMBL2420909,nM,66000.0,C1CCC2(CCN(CC2)c3ncnc4[nH]cnc34)NC1,4.180456064458132
822,CHEMBL540487,nM,72000.0,Cc1n[nH]c(C)c1c2ccccc2,4.142667503568732
823,CHEMBL228114,nM,80000.0,Cc1n[nH]cc1c2ccccc2,4.096910013008056
824,CHEMBL265194,nM,110000,Cc1nc2c(ncnc2[nH]1)N3CCC(N)CC3,3.9586073148417746
825,CHEMBL390066,nM,135000.0,c1ccc(cc1)c2cn[nH]c2,3.8696662315049934
826,CHEMBL1609052,nM,660000.0,Cc1n[nH]c(N)c1c2ccccc2,3.1804560644581317
