,ChEMBL_ID,smiles,pIC50
0,CHEMBL3701767,CC1(O)CC(N)(C1)c2ccc(cc2)c3nc4c5cc(ccc5OCn4c3c6ccccc6)C(=O)N,9.585026652029182
1,CHEMBL3701766,CNC(=O)c1ccc2OCn3c(nc(c4ccc(cc4)C5(N)CC(C)(O)C5)c3c6ccccc6)c2c1,9.55284196865778
2,CHEMBL3701717,NC1(CC(O)(C1)C2CC2)c3ccc(cc3)c4nc5c6c(F)cccc6OCn5c4c7ccccc7,9.537602002101043
3,CHEMBL3701737,NC1(CC(O)(C1)C2CC2)c3ccc(cc3)c4nc5c6c(Cl)cccc6OCn5c4c7ccccc7,9.522878745280336
4,CHEMBL3701769,CCNC(=O)c1ccc2OCn3c(nc(c4ccc(cc4)C5(N)CC(C)(O)C5)c3c6ccccc6)c2c1,9.508638306165727
5,CHEMBL3701762,CC1(O)CC(N)(C1)c2ccc(cc2)c3nc4c5cc(ccc5OCn4c3c6ccccc6)c7ccn[nH]7,9.494850021680094
6,CHEMBL3701776,CC1(O)CC(N)(C1)c2ccc(cc2)c3nc4c5ccc(cc5OCn4c3c6ccccc6)C(=O)N,9.397940008672037
7,CHEMBL3701763,CC1(O)CC(N)(C1)c2ccc(cc2)c3nc4c5cc(ccc5OCn4c3c6ccccc6)c7cn[nH]c7,9.3767507096021
8,CHEMBL3701749,NC1(CC(O)(C1)C2CC2)c3ccc(cc3)c4nc5c6ccncc6OCn5c4c7ccccc7,9.318758762624412
9,CHEMBL3701770,CNC(=O)c1ccc2c(OCn3c2nc(c4ccc(cc4)C5(N)CC(C)(O)C5)c3c6ccccc6)c1,9.309803919971486
10,CHEMBL3701718,CC1(O)CC(N)(C1)c2ccc(cc2)c3nc4c5c(F)cccc5OCn4c3c6ccccc6,9.30102999566398
11,CHEMBL3701758,CC1(O)CC(N)(C1)c2ccc(cc2)c3nc4c5cc(CO)ccc5OCn4c3c6ccccc6,9.259637310505756
12,CHEMBL3701774,CC1(O)CC(N)(C1)c2ccc(cc2)c3nc4c5cc(ccc5OCn4c3c6ccccc6)C(=O)NCCO,9.244125144327509
13,CHEMBL3701734,COc1ccc2c(OCn3c2nc(c4ccc(cc4)C5(N)CC(O)(C5)C6CC6)c3c7ccccc7)c1,9.221848749616356
14,CHEMBL3701772,CC1(O)CC(N)(C1)c2ccc(cc2)c3nc4c5ccc(cc5OCn4c3c6ccccc6)C(=O)NCCO,9.154901959985743
15,CHEMBL3701720,NC1(CC(O)(C1)C2CC2)c3ccc(cc3)c4nc5c6c(F)cccc6OCn5c4c7ccsc7,9.148741651280924
16,CHEMBL3701750,CC1(O)CC(N)(C1)c2ccc(cc2)c3nc4c5ccncc5OCn4c3c6ccccc6,9.130768280269024
17,CHEMBL3701735,COc1ccc2OCn3c(nc(c4ccc(cc4)C5(N)CC(C)(O)C5)c3c6ccccc6)c2c1,9.1249387366083
18,CHEMBL3701746,CCC1(O)CC(N)(C1)c2ccc(cc2)c3nc4c5cnccc5OCn4c3c6ccccc6,9.10790539730952
19,CHEMBL3701764,Cc1cnc2c(OCn3c2nc(c4ccc(cc4)C5(N)CC(C)(O)C5)c3c6ccccc6)c1,9.070581074285707
20,CHEMBL3701721,NC1(CC(O)(C1)C2CC2)c3ccc(cc3)c4nc5c6c(F)cccc6OCn5c4c7ccncc7,9.040958607678906
21,CHEMBL3701752,NC1(CC(O)(C1)C2CC2)c3ccc(cc3)c4nc5c6cccnc6OCn5c4c7ccccc7,9.040958607678906
22,CHEMBL3701736,COc1ccc2c(OCn3c2nc(c4ccc(cc4)C5(N)CC(C)(O)C5)c3c6ccccc6)c1,9.040958607678906
23,CHEMBL3701722,CC1(O)CC(N)(C1)c2ccc(cc2)c3nc4c5c(F)cccc5OCn4c3c6ccsc6,9.040958607678906
24,CHEMBL3701777,CC1(O)CC(O)(C1)c2ccc(cc2)c3nc4c5cc(ccc5OCn4c3c6ccccc6)C(=O)O,9.040958607678906
25,CHEMBL3701778,CC1(O)CC(O)(C1)c2ccc(cc2)c3nc4c5ccc(cc5OCn4c3c6ccccc6)C(=O)O,9.0268721464003
26,CHEMBL3701753,CC1(O)CC(N)(C1)c2ccc(cc2)c3nc4c5cccnc5OCn4c3c6ccccc6,9.013228265733757
27,CHEMBL3701761,CC1(O)CC(N)(C1)c2ccc(cc2)c3nc4c5cc(ccc5OCn4c3c6ccccc6)C#N,9.013228265733757
28,CHEMBL3701724,CC1(O)CC(N)(C1)c2ccc(cc2)c3nc4c5cc(F)ccc5OCn4c3c6ccccc6,9.0
29,CHEMBL3701727,NC1(CC(O)(C1)C2CC2)c3ccc(cc3)c4nc5c6ccccc6OCn5c4c7ccccc7,9.0
30,CHEMBL3701723,CC1(O)CC(N)(C1)c2ccc(cc2)c3nc4c5c(F)cccc5OCn4c3c6ccncc6,8.958607314841776
31,CHEMBL3701751,NC1(CCC1)c2ccc(cc2)c3nc4c5ccncc5OCn4c3c6ccccc6,8.958607314841776
32,CHEMBL3701765,COc1ccc2OCn3c(nc(c4ccc(cc4)C5(N)CC(C)(O)C5)c3c6ccccc6)c2n1,8.958607314841776
33,CHEMBL3701747,CC1(O)CC(N)(C1)c2ccc(cc2)c3nc4c5cnccc5OCn4c3c6ccccc6,8.958607314841776
34,CHEMBL3701760,CC1(O)CC(N)(C1)c2ccc(cc2)c3nc4c5ccc(cc5OCn4c3c6ccccc6)C#N,8.920818753952375
35,CHEMBL3701719,NC1(CCC1)c2ccc(cc2)c3nc4c5c(F)cccc5OCn4c3c6ccccc6,8.920818753952375
36,CHEMBL3701768,CN(C)C(=O)c1ccc2OCn3c(nc(c4ccc(cc4)C5(N)CC(C)(O)C5)c3c6ccccc6)c2c1,8.886056647693161
37,CHEMBL3701726,NC1(CC(O)(C1)C2CC2)c3ccc(cc3)c4nc5c6cccc(F)c6OCn5c4c7ccccc7,8.853871964321762
38,CHEMBL3701741,Cc1ccc2c(OCn3c2nc(c4ccc(cc4)C5(N)CC(O)(C5)C6CC6)c3c7ccccc7)c1,8.823908740944319
39,CHEMBL3701742,NC1(CC(O)(C1)C2CC2)c3ccc(cc3)c4nc5c6ncccc6OCn5c4c7ccccc7,8.795880017344075
40,CHEMBL3701754,NC1(CCC1)c2ccc(cc2)c3nc4c5cccnc5OCn4c3c6ccccc6,8.795880017344075
41,CHEMBL3701748,NC1(CCC1)c2ccc(cc2)c3nc4c5cnccc5OCn4c3c6ccccc6,8.769551078621726
42,CHEMBL3679632,C[C@@]1(O)C[C@@](N)(C1)c2ccc(cc2)c3nc4ccc5nnc(C(F)F)n5c4cc3c6ccccc6,8.769551078621726
43,CHEMBL3701728,CC1(O)CC(N)(C1)c2ccc(cc2)c3nc4c5ccccc5OCn4c3c6ccccc6,8.769551078621726
44,CHEMBL3701738,CCOc1cccc2OCn3c(nc(c4ccc(cc4)C5(N)CC(O)(C5)C6CC6)c3c7ccccc7)c12,8.769551078621726
45,CHEMBL3701739,CCOc1cccc2OCn3c(nc(c4ccc(cc4)C5(N)CC(C)(O)C5)c3c6ccccc6)c12,8.744727494896694
46,CHEMBL3701725,CC1(O)CC(N)(C1)c2ccc(cc2)c3nc4c5ccc(F)cc5OCn4c3c6ccccc6,8.698970004336019
47,CHEMBL3701732,COc1cccc2OCn3c(nc(c4ccc(cc4)C5(N)CC(O)(C5)C6CC6)c3c7ccccc7)c12,8.698970004336019
48,CHEMBL3701743,CC1(O)CC(N)(C1)c2ccc(cc2)c3nc4c5ncccc5OCn4c3c6ccccc6,8.698970004336019
49,CHEMBL598194,NC1(CCN(CC1)c2ncnc3[nH]ccc23)C(=O)NCc4ccc(Cl)cc4,8.657577319177793
50,CHEMBL3701759,CC1(O)CC(N)(C1)c2ccc(cc2)c3nc4c5ccc(CO)cc5OCn4c3c6ccccc6,8.568636235841014
51,CHEMBL3701729,NC1(CCC1)c2ccc(cc2)c3nc4c5ccccc5OCn4c3c6ccccc6,8.55284196865778
52,CHEMBL2177361,C[C@@H]1C[C@@H](O)c2ncnc(N3CCN(CC3)C(=O)[C@H](CNCC4CC4)c5ccc(c(F)c5)C(F)(F)F)c12,8.522878745280337
53,CHEMBL409503,NCC1(Cc2ccc(Cl)cc2)CCN(CC1)c3ncnc4[nH]cnc34,8.522878745280337
54,CHEMBL3701755,NC1(CC(O)(C1)C2CC2)c3ccc(cc3)c4nc5c6nccnc6OCn5c4c7ccccc7,8.481486060122112
55,CHEMBL3701771,CN(C)C(=O)c1ccc2c(OCn3c2nc(c4ccc(cc4)C5(N)CC(C)(O)C5)c3c6ccccc6)c1,8.455931955649724
56,CHEMBL597600,NC1(CCN(CC1)c2ncnc3[nH]ccc23)C(=O)NCc4ccc(Cl)cc4F,8.397940008672037
57,CHEMBL2177378,C[C@@H]1C[C@@H](O)c2ncnc(N3CCN(CC3)C(=O)[C@H](CNC(C)(C)CO)c4ccc(Cl)cc4)c12,8.397940008672037
58,CHEMBL3701756,CC1(O)CC(N)(C1)c2ccc(cc2)c3nc4c5nccnc5OCn4c3c6ccccc6,8.397940008672037
59,CHEMBL3701744,NC1(CCC1)c2ccc(cc2)c3nc4c5ncccc5OCn4c3c6ccccc6,8.397940008672037
60,CHEMBL3701745,CCC1(O)CC(N)(C1)c2ccc(cc2)c3nc4c5ncccc5OCn4c3c6ccccc6,8.337242168318426
61,CHEMBL599849,NC1(CCN(CC1)c2ncnc3[nH]ccc23)C(=O)NCc4ccc(Cl)cc4Cl,8.309803919971486
62,CHEMBL260000,NCC1(Cc2ccc(Cl)cc2)CCN(CC1)c3ncnc4[nH]ccc34,8.301029995663981
63,CHEMBL2178597,C[C@@H]1C[C@@H](O)c2ncnc(N3CCN(CC3)C(=O)[C@H](CNC(C)(C)C)c4ccc(c(F)c4)C(F)(F)F)c12,8.301029995663981
64,CHEMBL598842,NC1(CCN(CC1)c2ncnc3NC(=O)Nc23)C(=O)NCc4ccc(Cl)cc4,8.301029995663981
65,CHEMBL3701733,COc1ccc2OCn3c(nc(c4ccc(cc4)C5(N)CC(O)(C5)C6CC6)c3c7ccccc7)c2c1,8.292429823902062
66,CHEMBL3701730,NC1(CCC1)c2ccc(cc2)c3nc4c5ccccc5OCn4c3c6ccsc6,8.267606240177031
67,CHEMBL596991,NC1(Cc2ccc(Cl)cc2)CCN(CC1)c3ccnc4[nH]ccc34,8.259637310505756
68,CHEMBL598206,NC1(CCN(CC1)c2ncnc3[nH]ccc23)C(=O)NCc4ccc(Cl)c(Cl)c4,8.244125144327509
69,CHEMBL263664,NC1(Cc2ccc(Cl)cc2)CCN(CC1)c3ncnc4[nH]ccc34,8.221848749616356
70,CHEMBL2177379,C[C@@H]1C[C@@H](O)c2ncnc(N3CCN(CC3)C(=O)[C@H]([C@@H]4CCCN4)c5ccc(Cl)cc5)c12,8.221848749616356
71,CHEMBL2177368,C[C@@H]1C[C@@H](O)c2ncnc(N3CCN(CC3)C(=O)[C@H](CNCC4CCOCC4)c5ccc(Cl)cc5)c12,8.221848749616356
72,CHEMBL2178598,C[C@@H]1C[C@@H](O)c2ncnc(N3CCN(CC3)C(=O)[C@H](CNC(C)(C)CO)c4ccc(c(F)c4)C(F)(F)F)c12,8.221848749616356
73,CHEMBL2177388,CC(C)NC[C@@H](C(=O)N1CCN(CC1)c2ncnc3CC[C@@H](CF)c23)c4ccc(Cl)cc4,8.221848749616356
74,CHEMBL496690,NC[C@H](Cc1ccc(F)cc1)NC(=O)c2cc(Br)c(s2)c3ccnc4[nH]ccc34,8.221848749616356
75,CHEMBL594933,Cc1n[nH]c2cnc(cc12)c3cc(OC[C@@H](N)Cc4c[nH]c5ccccc45)cnc3c6cocc6,8.221848749616356
76,CHEMBL388978,CN[C@@H]1C[C@H]2O[C@@](C)([C@@H]1OC)n3c4ccccc4c5c6CNC(=O)c6c7c8ccccc8n2c7c35,8.187086643357143
77,CHEMBL3701731,NC1(CCC1)c2ccc(cc2)c3nc4c5ccccc5OCn4c3c6ccncc6,8.187086643357143
78,CHEMBL383264,N[C@H](COc1cncc(c1)c2ccc3cnccc3c2)Cc4c[nH]c5ccccc45,8.167491087293763
79,CHEMBL603882,NC1(Cc2ccc3ccccc3c2)CCN(CC1)c4ncnc5[nH]ccc45,8.154901959985743
80,CHEMBL605410,Cc1occc1c2nc(N)c(OC[C@@H](N)Cc3c(C#N)[nH]c4ccccc34)cc2c5cnc6[nH]nc(C)c6n5,8.154901959985743
81,CHEMBL3703105,NC1(CCC1)c2ccc(cc2)c3nc4cc(ccn4c3c5ccccc5)c6cccnc6,8.154901959985743
82,CHEMBL259998,NC1(CCN(CC1)c2ncnc3[nH]ccc23)c4ccc(Cl)cc4,8.154901959985743
83,CHEMBL3701757,CCC1(O)CC(N)(C1)c2ccc(cc2)c3nc4c5nccnc5OCn4c3c6ccccc6,8.154901959985743
84,CHEMBL407504,NC1(CCN(CC1)c2ncnc3[nH]cnc23)c4ccc(Cl)cc4,8.154901959985743
85,CHEMBL604910,NC1(CCN(CC1)c2ncnc3[nH]ccc23)C(=O)NCc4cccc(Cl)c4,8.154901959985743
86,CHEMBL597793,NC1(COCc2ccc(Cl)cc2)CCN(CC1)c3ncnc4[nH]ccc34,8.096910013008056
87,CHEMBL498052,NC[C@H](Cc1ccccc1F)NC(=O)c2cc(Br)c(s2)c3ccnc4[nH]ccc34,8.096910013008056
88,CHEMBL2325741,NC1(CCN(CC1)c2ncnc3[nH]ccc23)C(=O)N[C@@H](CCO)c4ccc(Cl)cc4,8.096910013008056
89,CHEMBL406863,NCC1(CCN(CC1)c2ncnc3[nH]ccc23)c4ccc(Cl)cc4,8.096910013008056
90,CHEMBL604507,NC1(CCN(CC1)c2ncnc3[nH]ccc23)C(=O)NCc4ccc(F)cc4Cl,8.096910013008056
91,CHEMBL3703104,NC1(CCC1)c2ccc(cc2)c3nc4cc(ccn4c3c5ccccc5)c6ccncc6,8.096910013008056
92,CHEMBL3703108,NC1(CCC1)c2ccc(cc2)c3nc4cc(ccn4c3c5ccccc5)c6ncc[nH]6,8.096910013008056
93,CHEMBL597414,NC1(Cc2ccc(Cl)cc2Cl)CCN(CC1)c3ncnc4[nH]ccc34,8.070581074285707
94,CHEMBL3672012,C(N1CCC(CC1)c2cnc3ccccc3n2)c4ccc(cc4)c5nc6nccn6cc5c7ccccc7,8.045757490560675
95,CHEMBL3699676,COc1cc(cn2c(c3ccccc3)c(nc12)c4ccc(cc4)C5(N)CCC5)C(=O)N,8.045757490560675
96,CHEMBL1171647,CCc1c[nH]c2ncnc(N3CC[C@](N)(CNC(=O)c4ccc(F)cc4F)C3)c12,8.045757490560675
97,CHEMBL3703111,NC1(CCC1)c2ccc(cc2)c3nc4cc(ccn4c3c5ccccc5)c6nn[nH]n6,8.045757490560675
98,CHEMBL523586,NC[C@H](Cc1cccc(F)c1)NC(=O)c2cc(Br)c(s2)c3ccnc4[nH]ccc34,8.045757490560675
99,CHEMBL226712,NC(c1ccc(Cl)cc1)c2ccc(cc2)c3ncnc4[nH]cnc34,8.045757490560675
100,CHEMBL2177367,CO[C@@H]1CC[C@H](CC1)NC[C@@H](C(=O)N2CCN(CC2)c3ncnc4[C@H](O)C[C@@H](C)c34)c5ccc(Cl)cc5,8.0
101,CHEMBL470597,NC[C@H](Cc1ccccc1)NC(=O)c2cc(Br)c(s2)c3ccnc4[nH]ccc34,8.0
102,CHEMBL228042,CNC(c1ccc(Cl)cc1)c2ccc(cc2)c3ncnc4[nH]cnc34,8.0
103,CHEMBL599847,NC1(CCN(CC1)c2ncnc3[nH]ccc23)C(=O)NCc4ccc(cc4)C(F)(F)F,7.958607314841775
104,CHEMBL2177363,C[C@@H]1C[C@@H](O)c2ncnc(N3CCN(CC3)C(=O)[C@H](CN4CCC(F)CC4)c5ccc(Cl)cc5)c12,7.958607314841775
105,CHEMBL598207,NC1(CCN(CC1)c2ncnc3[nH]ccc23)C(=O)NCc4ccc(F)cc4F,7.958607314841775
106,CHEMBL1079175,NC1(CCC1)c2ccc(cc2)c3nc4C=CN5C(=O)NN=C5c4cc3c6ccccc6,7.920818753952375
107,CHEMBL2177385,CC(C)NC[C@@H](C(=O)N1CCN(CC1)c2ncnc3CC[C@@H](C)c23)c4ccc(Cl)cc4,7.920818753952375
108,CHEMBL593813,Cc1occc1c2nc(N)c(OC[C@@H](N)Cc3c(Cl)[nH]c4ccccc34)cc2c5cnc6[nH]nc(C)c6n5,7.920818753952375
109,CHEMBL2177374,C[C@@H]1C[C@@H](O)c2ncnc(N3CCN(CC3)C(=O)[C@H](CNCC4CC4)c5ccc(Cl)cc5)c12,7.920818753952375
110,CHEMBL599448,NC1(CCN(CC1)c2ccnc3[nH]ccc23)C(=O)NCc4ccc(Cl)cc4,7.920818753952375
111,CHEMBL593490,Cc1[nH]nc2ccc(cc12)c3cc(OC[C@@H](N)Cc4c[nH]c5ccccc45)cnc3c6cocc6,7.920818753952375
112,CHEMBL260577,NC(C1CCN(CC1)c2ccnc3[nH]ccc23)c4ccc(Cl)cc4,7.920818753952375
113,CHEMBL598013,NC1(Cc2ccc(Cl)cc2)CCN(CC1)c3ccnc4[nH]ncc34,7.920818753952375
114,CHEMBL469590,NCC(Cc1ccccc1)NC(=O)c2cc(Br)c(s2)c3ccnc4[nH]ccc34,7.886056647693162
115,CHEMBL3703110,Cn1cncc1c2ccn3c(c4ccccc4)c(nc3c2)c5ccc(cc5)C6(N)CCC6,7.886056647693162
116,CHEMBL595459,Cc1occc1c2nc(N)c(OC[C@@H](N)Cc3c[nH]c4ccccc34)cc2c5cc6c(C)n[nH]c6cn5,7.886056647693162
117,CHEMBL3699674,NC1(CCC1)c2ccc(cc2)c3nc4cc(ccn4c3c5ccccc5)n6cccn6,7.886056647693162
118,CHEMBL2325729,NC1(CCN(CC1)c2ncnc3[nH]ccc23)C(=O)N[C@@H](CCN4CCCCC4)c5ccc(Cl)cc5,7.886056647693162
119,CHEMBL3931748,COc1nc(cn2c(c3ccccc3)c(nc12)c4ccc(cc4)C5(N)CCC5)C(=O)N,7.853871964321763
120,CHEMBL2177381,CC(C)NC[C@@H](C(=O)N1CCN(CC1)c2ncnc3[C@H](F)C[C@@H](C)c23)c4ccc(Cl)cc4,7.853871964321763
121,CHEMBL3672090,COC(=O)c1cn2cc(c3ccccc3)c(nc2n1)c4ccc(CN5CC(C5)c6n[nH]c(n6)c7cccc(C)n7)cc4,7.853871964321763
122,CHEMBL2325992,CN(C)CCC(NC(=O)C1(N)CCN(CC1)c2ncnc3[nH]ccc23)c4ccc(Cl)cc4,7.853871964321763
123,CHEMBL597183,NC1(CCN(CC1)c2ncnc3[nH]ccc23)C(=O)NCc4ccc(F)cc4,7.853871964321763
124,CHEMBL593374,Cc1occc1c2nc(N)c(OC[C@@H](N)Cc3c[nH]c4ccccc34)cc2c5ccc6[nH]nc(C)c6c5,7.823908740944319
125,CHEMBL3699757,Cc1c(Cl)cn2c(c3ccccc3)c(nc2c1Br)c4ccc(cc4)C5(N)CCC5,7.823908740944319
126,CHEMBL2177366,C[C@@H]1C[C@@H](O)c2ncnc(N3CCN(CC3)C(=O)[C@H](CNC4CCOCC4)c5ccc(Cl)cc5)c12,7.823908740944319
127,CHEMBL597819,COc1cccc(CC2(N)CCN(CC2)c3ncnc4[nH]ccc34)c1,7.823908740944319
128,CHEMBL593375,Cc1occc1c2nc(N)c(OC[C@@H](N)Cc3c[nH]c4ccccc34)cc2c5cnc6[nH]nc(C)c6c5,7.823908740944319
129,CHEMBL594072,Cc1occc1c2nc(N)c(OC[C@@H](N)Cc3c([nH]c4ccccc34)C(=O)N)cc2c5cnc6[nH]nc(C)c6n5,7.823908740944319
130,CHEMBL2325993,CN(C)CCCC(NC(=O)C1(N)CCN(CC1)c2ncnc3[nH]ccc23)c4ccc(Cl)cc4,7.823908740944319
131,CHEMBL260358,NCC1(CCN(CC1)c2ncnc3[nH]cnc23)c4ccc(Cl)cc4,7.795880017344077
132,CHEMBL604917,NC1(Cc2cc(Cl)ccc2Cl)CCN(CC1)c3ncnc4[nH]ccc34,7.795880017344077
133,CHEMBL3672045,Cc1nc2nc(c3ccc(CN4CC(C4)c5n[nH]c(n5)c6ccccn6)cc3)c(c(C)n2n1)c7ccccc7,7.769551078621726
134,CHEMBL3672091,COC(=O)c1cn2cc(c3ccccc3)c(nc2n1)c4ccc(CN5CC(C5)c6n[nH]c(n6)c7ccccn7)cc4,7.769551078621726
135,CHEMBL3699728,COc1cc(Br)cn2c(c3ccccc3)c(nc12)c4ccc(cc4)C5(N)CCC5,7.769551078621726
136,CHEMBL2177372,CC(C)NC[C@@H](C(=O)N1CCN(CC1)c2ncnc3[C@H](O)C[C@@H](C)c23)c4ccc(Cl)c(F)c4,7.769551078621726
137,CHEMBL603680,NC1(Cc2ccc(Cl)c(Cl)c2)CCN(CC1)c3ncnc4[nH]ccc34,7.744727494896692
138,CHEMBL2177390,CC(C)NC[C@@H](C(=O)N1CCN(CC1)c2ncnc3[C@H](O)C[C@@H](C)c23)c4ccc(Cl)cc4,7.744727494896692
139,CHEMBL2177364,C[C@@H]1C[C@@H](O)c2ncnc(N3CCN(CC3)C(=O)[C@H](CNC4CCCCC4)c5ccc(Cl)cc5)c12,7.744727494896692
140,CHEMBL597818,NC1(Cc2cccc(OC(F)(F)F)c2)CCN(CC1)c3ncnc4[nH]ccc34,7.721246399047171
141,CHEMBL595944,Cc1occc1c2nc(N)c(OC[C@@H](N)Cc3c[nH]c4ccccc34)cc2c5cnc6[nH]nc(C)c6n5,7.721246399047171
142,CHEMBL3703106,NC1(CCC1)c2ccc(cc2)c3nc4cc(ccn4c3c5ccccc5)c6ccccn6,7.721246399047171
143,CHEMBL2325743,C[C@H](NC(=O)C1(N)CCN(CC1)c2ncnc3[nH]ccc23)c4ccc(Cl)cc4,7.698970004336019
144,CHEMBL597415,NC1(Cc2c(Cl)cccc2Cl)CCN(CC1)c3ncnc4[nH]ccc34,7.698970004336019
145,CHEMBL228133,Clc1ccc(cc1)C2(CCNCC2)c3ccc(cc3)c4ncnc5[nH]cnc45,7.698970004336019
146,CHEMBL3672048,CNc1c(c2ccccc2)c(nc3nc(C)nn13)c4ccc(CN5CC(C5)c6n[nH]c(n6)c7cccc(C)n7)cc4,7.67778070526608
147,CHEMBL210390,N[C@H](COc1cncc(c1)c2ccc3cnc(N)cc3c2)Cc4c[nH]c5ccccc45,7.67778070526608
148,CHEMBL3703109,NC1(CCC1)c2ccc(cc2)c3nc4cc(ccn4c3c5ccccc5)c6cnc[nH]6,7.657577319177793
149,CHEMBL2177369,C[C@@H]1C[C@@H](O)c2ncnc(N3CCN(CC3)C(=O)[C@H]([C@@H]4CCCCN4)c5ccc(Cl)cc5)c12,7.657577319177793
150,CHEMBL3699700,NC1(CCC1)c2ccc(cc2)c3nc4cc(ccn4c3c5ccccc5)c6cn[nH]c6,7.657577319177793
151,CHEMBL2325738,NC1(CCN(CC1)c2ncnc3[nH]ccc23)C(=O)NC(CCO)c4ccc(Cl)cc4,7.657577319177793
152,CHEMBL3703112,CCOC(=O)c1ccn2c(c3ccccc3)c(nc2c1)c4ccc(cc4)C5(N)CCC5,7.657577319177793
153,CHEMBL3672497,NC1(CCC1)c2ccc(cc2)c3nn4c(cnc4cc3c5ccccc5)c6ccc7cn[nH]c7c6,7.657577319177793
154,CHEMBL3703107,NC1(CCC1)c2ccc(cc2)c3nc4cc(ccn4c3c5ccccc5)c6cc[nH]n6,7.638272163982407
155,CHEMBL2325982,CCC(NC(=O)C1(N)CCN(CC1)c2ncnc3[nH]ccc23)c4ccc(Cl)cc4,7.638272163982407
156,CHEMBL213618,CNc1nccc(n1)c2ccc(s2)C(=O)N[C@H](CN)Cc3ccc(Cl)cc3Cl,7.638272163982407
157,CHEMBL2177362,C[C@@H]1C[C@@H](O)c2ncnc(N3CCN(CC3)C(=O)[C@H](CNC4CCOCC4)c5ccc(Cl)c(F)c5)c12,7.619788758288393
158,CHEMBL2325739,NC1(CCN(CC1)c2ncnc3[nH]ccc23)C(=O)NC(CCCO)c4ccc(Cl)cc4,7.619788758288393
159,CHEMBL3699768,NC(=O)c1cc(Br)c2nc(c3ccc(cc3)C4(N)CCC4)c(c5ccccc5)n2c1,7.619788758288393
160,CHEMBL596583,Cc1occc1c2ncc(OC[C@@H](N)Cc3c[nH]c4ccccc34)cc2c5cnc6[nH]nc(C)c6n5,7.6020599913279625
161,CHEMBL470598,NC[C@H](CC1CCCCC1)NC(=O)c2cc(Br)c(s2)c3ccnc4[nH]ccc34,7.6020599913279625
162,CHEMBL259999,NC1(Cc2ccc(Cl)cc2)CCN(CC1)c3ncnc4[nH]cnc34,7.6020599913279625
163,CHEMBL405384,NC(C1CCN(CC1)c2ncnc3[nH]ccc23)c4ccc(Cl)cc4,7.6020599913279625
164,CHEMBL2177829,Nc1ncccc1c2nc3ccc(nc3n2c4ccc(CC(=O)Nc5ccccc5)cc4)c6cccnc6,7.6020599913279625
165,CHEMBL260463,NCC1(CCN(CC1)c2ccnc3[nH]ccc23)c4ccc(Cl)cc4,7.6020599913279625
166,CHEMBL597803,CN(Cc1ccc(Cl)cc1)C(=O)C2(N)CCN(CC2)c3ncnc4[nH]ccc34,7.6020599913279625
167,CHEMBL598448,NC1(Cc2cccc3ccccc23)CCN(CC1)c4ncnc5[nH]ccc45,7.6020599913279625
168,CHEMBL597211,CC(C)(C)c1ccc(CC2(N)CCN(CC2)c3ncnc4[nH]ccc34)cc1,7.568636235841013
169,CHEMBL3703157,NC(=O)c1cc(Cl)c2nc(c3ccc(cc3)C4(N)CCC4)c(c5ccccc5)n2c1,7.552841968657781
170,CHEMBL599848,NC1(CCN(CC1)c2ncnc3[nH]ccc23)C(=O)NCc4ccc(OC(F)(F)F)cc4,7.5376020021010435
171,CHEMBL2177370,C[C@@H]1C[C@@H](O)c2ncnc(N3CCN(CC3)C(=O)[C@H]([C@@H]4COCCN4)c5ccc(Cl)cc5)c12,7.5376020021010435
172,CHEMBL3703113,NC1(CCC1)c2ccc(cc2)c3nc4cc(ccn4c3c5ccccc5)C(=O)O,7.5376020021010435
173,CHEMBL379300,Cc1n[nH]c2ccc(cc12)c3cncc(OC[C@@H](N)Cc4c[nH]c5ccccc45)c3,7.522878745280337
174,CHEMBL2325996,NC1(CCN(CC1)c2ncnc3[nH]ccc23)C(=O)NC(CCCN4CCCCC4)c5ccc(Cl)cc5,7.522878745280337
175,CHEMBL2177831,Nc1ncccc1c2nc3cc(cnc3n2c4ccc(CNC(=O)c5ccccc5)cc4)c6cccnc6,7.522878745280337
176,CHEMBL2177371,C[C@@H]1C[C@@H](O)c2ncnc(N3CCN(CC3)C(=O)[C@H](CN)c4ccc(cc4)C(F)(F)F)c12,7.522878745280337
177,CHEMBL3703169,COc1cc(cn2c(c3ccccc3)c(nc12)c4ccc(cc4)C5(N)CCC5)c6cn[nH]c6,7.522878745280337
178,CHEMBL2325983,NC1(CCN(CC1)c2ncnc3[nH]ccc23)C(=O)NC(C4CC4)c5ccc(Cl)cc5,7.522878745280337
179,CHEMBL2177365,CC(C)N(C)C[C@@H](C(=O)N1CCN(CC1)c2ncnc3[C@H](O)C[C@@H](C)c23)c4ccc(Cl)cc4,7.508638306165728
180,CHEMBL603262,CC(C)(C)c1ccc(CC2(N)CCN(CC2)c3ccnc4[nH]ccc34)cc1,7.508638306165728
181,CHEMBL2325728,NC1(CCN(CC1)c2ncnc3[nH]ccc23)C(=O)N[C@@H](CCN4CCCC4)c5ccc(Cl)cc5,7.508638306165728
182,CHEMBL603197,Cc1n[nH]c2cnc(nc12)c3cc(OC[C@@H](N)Cc4c[nH]c5ccccc45)cnc3c6cocc6,7.508638306165728
183,CHEMBL2177832,Nc1ncccc1c2nc3ccc(nc3n2c4ccc(CNC(=O)c5ccccc5)cc4)c6cccnc6,7.494850021680094
184,CHEMBL3699667,NC1(CCC1)c2ccc(cc2)c3nc4nc(ccn4c3c5ccccc5)c6ccccc6,7.481486060122112
185,CHEMBL3977365,COc1nc(Br)cn2c(c3ccccc3)c(nc12)c4ccc(cc4)C5(N)CCC5,7.481486060122112
186,CHEMBL3672074,COc1nn2cc(c(nc2c1CO)c3ccc(CN4CC(C4)c5n[nH]c(n5)c6cccc(C)n6)cc3)c7c(F)cccc7F,7.468521082957745
187,CHEMBL3895917,CCc1cn2c(c3ccccc3)c(nc2c(OC)n1)c4ccc(cc4)C5(N)CCC5,7.468521082957745
188,CHEMBL3703141,Cn1cc(cn1)c2ccn3c(c4ccccc4)c(nc3c2)c5ccc(cc5)C6(N)CCC6,7.455931955649724
189,CHEMBL2177382,CC(C)NC[C@@H](C(=O)N1CCN(CC1)c2ncnc3[C@@H](F)C[C@@H](C)c23)c4ccc(Cl)cc4,7.455931955649724
190,CHEMBL2177835,Nc1ncccc1c2nc3ccc(nc3n2c4ccc(CNC(=O)c5ccccc5)cc4)c6ccccc6,7.455931955649724
191,CHEMBL597817,NC1(Cc2ccc(OC(F)(F)F)cc2)CCN(CC1)c3ncnc4[nH]ccc34,7.455931955649724
192,CHEMBL597212,NC1(Cc2cccc(Cl)c2Cl)CCN(CC1)c3ncnc4[nH]ccc34,7.455931955649724
193,CHEMBL2325736,CS(=O)(=O)NCCC(NC(=O)C1(N)CCN(CC1)c2ncnc3[nH]ccc23)c4ccc(Cl)cc4,7.443697499232713
194,CHEMBL600646,NC1(CCN(CC1)c2ncnc3[nH]ccc23)C(=O)NCc4ccccc4Cl,7.443697499232713
195,CHEMBL3699774,Cc1cc(cn2c(c3ccccc3)c(nc12)c4ccc(cc4)C5(N)CCC5)C(=O)N,7.443697499232713
196,CHEMBL3672486,NC1(CCC1)c2ccc(cc2)c3nn4c(cnc4cc3c5ccccc5)c6cccc(CO)c6,7.431798275933005
197,CHEMBL3699675,COC(=O)c1cc(OC)c2nc(c3ccc(cc3)C4(N)CCC4)c(c5ccccc5)n2c1,7.420216403383192
198,CHEMBL3639985,COc1ccc(COc2ccn3c(c4ccccc4)c(nc3n2)c5ccc(cc5)C6(N)CCC6)cn1,7.420216403383192
199,CHEMBL596290,Cc1n[nH]c2ncc(nc12)c3cc(OC[C@@H](N)Cc4c[nH]c5ccccc45)cnc3c6cocc6,7.4089353929735005
200,CHEMBL2325997,CC(NC(=O)C1(N)CCN(CC1)c2ncnc3[nH]ccc23)c4ccc(Cl)cc4,7.3979400086720375
201,CHEMBL3699767,NC(=O)c1cc(Br)cn2c(c3ccccc3)c(nc12)c4ccc(cc4)C5(N)CCC5,7.3872161432802645
202,CHEMBL2325995,NC1(CCN(CC1)c2ncnc3[nH]ccc23)C(=O)NC(CCCN4CCOCC4)c5ccc(Cl)cc5,7.3767507096020974
203,CHEMBL598439,NC1(Cc2ccccc2Cl)CCN(CC1)c3ncnc4[nH]ccc34,7.356547323513813
204,CHEMBL2325737,NC1(CCN(CC1)c2ncnc3[nH]ccc23)C(=O)NC(CO)c4ccc(Cl)cc4,7.337242168318426
205,CHEMBL598438,NC1(Cc2cccc(Cl)c2)CCN(CC1)c3ncnc4[nH]ccc34,7.337242168318426
206,CHEMBL3703118,CCNC(=O)c1ccn2c(c3ccccc3)c(nc2c1)c4ccc(cc4)C5(N)CCC5,7.337242168318426
207,CHEMBL3672499,COc1cncc(c1)c2cnc3cc(c4ccccc4)c(nn23)c5ccc(cc5)C6(N)CCC6,7.337242168318426
208,CHEMBL3699717,NC1(CCC1)c2ccc(cc2)c3nc4cc(Br)ccn4c3c5ccccc5,7.337242168318426
209,CHEMBL3699688,COc1ccn2c(c3ccccc3)c(nc2c1)c4ccc(cc4)C5(N)CCC5,7.327902142064282
210,CHEMBL3672067,Cc1cn2cc(c3ccccc3)c(nc2n1)c4ccc(CN5CC(C5)c6n[nH]c(n6)c7ccccn7)cc4,7.327902142064282
211,CHEMBL3703139,COc1cc(cn2c(c3ccccc3)c(nc12)c4ccc(cc4)C5(N)CCC5)c6cnc[nH]6,7.309803919971486
212,CHEMBL3699711,NC1(CCC1)c2ccc(cc2)c3nc4cc(ccn4c3c5ccccc5)c6ccc(F)cc6,7.301029995663981
213,CHEMBL3699770,NC(=O)c1cc(cn2c(c3ccccc3)c(nc12)c4ccc(cc4)C5(N)CCC5)c6cn[nH]c6,7.301029995663981
214,CHEMBL2035022,NC(=O)c1ccn2c(c3ccccc3)c(nc2c1)c4ccc(cc4)C5(N)CCC5,7.301029995663981
215,CHEMBL3703138,CCc1cc(OC)c2nc(c3ccc(cc3)C4(N)CCC4)c(c5ccccc5)n2c1,7.301029995663981
216,CHEMBL3703136,COc1cc(Cl)cn2c(c3ccccc3)c(nc12)c4ccc(cc4)C5(N)CCC5,7.292429823902062
217,CHEMBL3703140,COc1cc(cn2c(c3ccccc3)c(nc12)c4ccc(cc4)C5(N)CCC5)c6ncc[nH]6,7.292429823902062
218,CHEMBL3699686,NC1(CCC1)c2ccc(cc2)c3nc4cc(ccn4c3c5ccccc5)C#N,7.2839966563652006
219,CHEMBL590957,NC1(Cc2ccc(Cl)cc2Cl)CCN(CC1)c3ncnc4NC(=O)Nc34,7.2839966563652006
220,CHEMBL3703114,CNC(=O)c1ccn2c(c3ccccc3)c(nc2c1)c4ccc(cc4)C5(N)CCC5,7.275724130399211
221,CHEMBL3699699,CCc1ccn2c(c3ccccc3)c(nc2c1)c4ccc(cc4)C5(N)CCC5,7.275724130399211
222,CHEMBL3699666,NC1(CCC1)c2ccc(cc2)c3nc4nc(ccn4c3c5ccccc5)C6CC6,7.267606240177032
223,CHEMBL3699762,Cc1c(C)c2nc(c3ccc(cc3)C4(N)CCC4)c(c5ccccc5)n2cc1c6ccn[nH]6,7.259637310505756
224,CHEMBL3703120,CC(=O)c1ccn2c(c3ccccc3)c(nc2c1)c4ccc(cc4)C5(N)CCC5,7.259637310505756
225,CHEMBL3703127,NC1(CCC1)c2ccc(cc2)c3nc4ccc(cn4c3c5ccccc5)c6nn[nH]n6,7.251811972993798
226,CHEMBL3699749,Cc1cc(C)c2nc(c3ccc(cc3)C4(N)CCC4)c(c5ccccc5)n2c1,7.251811972993798
227,CHEMBL3672483,COC(=O)c1cccc(c1)c2cnc3cc(c4ccccc4)c(nn23)c5ccc(cc5)C6(N)CCC6,7.236572006437062
228,CHEMBL603675,CC(C)(C)c1ccc(CC2(N)CCN(CC2)c3ccnc4[nH]ncc34)cc1,7.236572006437062
229,CHEMBL3699742,NC1(CCC1)c2ccc(cc2)c3nc4cc(Cl)ccn4c3c5ccccc5,7.221848749616356
230,CHEMBL3699754,NC1(CCC1)c2ccc(cc2)c3nc4c(Cl)cc(Cl)cn4c3c5ccccc5,7.207608310501746
231,CHEMBL524998,COc1ccc(C[C@@H](CN)NC(=O)c2cc(Br)c(s2)c3ccnc4[nH]ccc34)cc1,7.200659450546419
232,CHEMBL594523,Cc1nc(c2cocc2)c(cc1OC[C@@H](N)Cc3c[nH]c4ccccc34)c5cnc6[nH]nc(C)c6n5,7.200659450546419
233,CHEMBL3703137,COc1cc(OC)c2nc(c3ccc(cc3)C4(N)CCC4)c(c5ccccc5)n2c1,7.1938200260161125
234,CHEMBL3699712,COC(=O)c1ccn2c(c3ccccc3)c(nc2c1)c4ccc(cc4)C5(N)CCC5,7.1938200260161125
235,CHEMBL3667042,Cc1nc2nc(c3ccc(CN4CC(C4)c5nnc([nH]5)c6ccccn6)cc3)c(cn2n1)c7ccccc7,7.1870866433571425
236,CHEMBL2177373,C[C@@H]1C[C@@H](O)c2ncnc(N3CCN(CC3)C(=O)[C@H](CN)c4ccc(Cl)cc4)c12,7.180456064458131
237,CHEMBL3699697,NC(=O)c1ccc2nc(c3ccc(cc3)C4(N)CCC4)c(c5ccccc5)n2c1,7.180456064458131
238,CHEMBL3699727,NC1(CCC1)c2ccc(cc2)c3nc4ccc(cn4c3c5ccccc5)C(=O)O,7.173925197299173
239,CHEMBL3672493,NC1(CCC1)c2ccc(cc2)c3nn4c(cnc4cc3c5ccccc5)c6cn[nH]c6,7.173925197299173
240,CHEMBL3672492,NC(=O)c1cccc(c1)c2cnc3cc(c4ccccc4)c(nn23)c5ccc(cc5)C6(N)CCC6,7.167491087293763
241,CHEMBL3703135,CC(=O)c1ccc2nc(c3ccc(cc3)C4(N)CCC4)c(c5ccccc5)n2c1,7.161150909262744
242,CHEMBL603244,NC1(CNC(=O)c2ccc(Cl)cc2)CCN(CC1)c3ncnc4[nH]ccc34,7.161150909262744
243,CHEMBL598841,CC(C)(C)c1ccc(CC2(N)CCN(CC2)c3ncnc4NC(=O)Nc34)cc1,7.154901959985742
244,CHEMBL3672496,NC1(CCC1)c2ccc(cc2)c3nn4c(cnc4cc3c5ccccc5)c6ccn[nH]6,7.154901959985742
245,CHEMBL3703102,CCOc1ccc2nc(c3ccc(cc3)C4(N)CCC4)c(c5ccccc5)n2c1,7.154901959985742
246,CHEMBL261034,NC(C1CCN(CC1)c2ncnc3[nH]cnc23)c4ccc(Cl)cc4,7.1487416512809245
247,CHEMBL3699751,NC1(CCC1)c2ccc(cc2)c3nc4c(F)cc(F)cn4c3c5ccccc5,7.136677139879544
248,CHEMBL3703117,COC(=O)CCc1ccn2c(c3ccccc3)c(nc2c1)c4ccc(cc4)C5(N)CCC5,7.1249387366083
249,CHEMBL3703151,COc1cc(C=C)cn2c(c3ccccc3)c(nc12)c4ccc(cc4)C5(N)CCC5,7.1191864077192095
250,CHEMBL3699743,NC1(CCC1)c2ccc(cc2)c3nc4cc(F)ccn4c3c5ccccc5,7.102372908709557
251,CHEMBL3672484,NC1(CCC1)c2ccc(cc2)c3nn4c(cnc4cc3c5ccccc5)c6ccc(F)cc6,7.091514981121351
252,CHEMBL3703161,COC(=O)COc1ccn2c(c3ccccc3)c(nc2c1)c4ccc(cc4)C5(N)CCC5,7.086186147616282
253,CHEMBL3672480,NC1(CCC1)c2ccc(cc2)c3nn4c(cnc4cc3c5ccccc5)c6cccc(c6)C#N,7.086186147616282
254,CHEMBL602236,NC1(Cc2ccccc2OC(F)(F)F)CCN(CC1)c3ncnc4[nH]ccc34,7.075720713938117
255,CHEMBL3699709,NC1(CCC1)c2ccc(cc2)c3nc4nc(Oc5ccccc5)ccn4c3c6ccccc6,7.070581074285707
256,CHEMBL3956697,COC(=O)c1cn2c(c3ccccc3)c(nc2c(OC)n1)c4ccc(cc4)C5(N)CCC5,7.0655015487564325
257,CHEMBL3703131,NC1(CCC1)c2ccc(cc2)c3nc4ccc(Cl)cn4c3c5ccccc5,7.055517327849832
258,CHEMBL605212,NC1(Cc2ccc(F)cc2Cl)CCN(CC1)c3ncnc4[nH]ccc34,7.045757490560675
259,CHEMBL3699773,Cc1c(C)c2nc(c3ccc(cc3)C4(N)CCC4)c(c5ccccc5)n2cc1C(=O)N,7.040958607678906
260,CHEMBL3672490,NC1(CCC1)c2ccc(cc2)c3nn4c(cnc4cc3c5ccccc5)c6ccc(F)c(CO)c6,7.036212172654443
261,CHEMBL3703147,CC(=O)Nc1ccc2nc(c3ccc(cc3)C4(N)CCC4)c(c5ccccc5)n2c1,7.036212172654443
262,CHEMBL3703144,NC(=O)Nc1ccn2c(c3ccccc3)c(nc2c1)c4ccc(cc4)C5(N)CCC5,7.036212172654443
263,CHEMBL3699756,NC1(CCC1)c2ccc(cc2)c3nc4cc(Cl)c(Cl)cn4c3c5ccccc5,7.031517051446066
264,CHEMBL3699668,Cc1ccccc1c2ccn3c(c4ccccc4)c(nc3n2)c5ccc(cc5)C6(N)CCC6,7.026872146400303
265,CHEMBL3703143,CC(=O)Nc1ccn2c(c3ccccc3)c(nc2c1)c4ccc(cc4)C5(N)CCC5,7.022276394711152
266,CHEMBL2325994,NC1(CCN(CC1)c2ncnc3[nH]ccc23)C(=O)NC(CCCN4CCCC4)c5ccc(Cl)cc5,7.017728766960431
267,CHEMBL3932688,NC(=O)c1cn2c(c3ccccc3)c(nc2cn1)c4ccc(cc4)C5(N)CCC5,7.013228265733755
268,CHEMBL3703163,CN(C)C(=O)COc1ccn2c(c3ccccc3)c(nc2c1)c4ccc(cc4)C5(N)CCC5,7.013228265733755
269,CHEMBL3703125,Cn1cncc1c2ccc3nc(c4ccc(cc4)C5(N)CCC5)c(c6ccccc6)n3c2,7.013228265733755
270,CHEMBL503652,CN(C)CCN1CCN(CC1)c2ncc3cc(c4ccccc4)c(nc3n2)c5ccc(CN6CCC(CC6)c7nnc([nH]7)C8=CNC(=O)C=C8)cc5,7.008773924307505
271,CHEMBL3672084,CSc1nc2nc(c3ccc(CN4CC(C4)c5n[nH]c(n5)c6ccccn6)cc3)c(cn2n1)c7ccccc7,7.0
272,CHEMBL3699775,Cc1cc(cn2c(c3ccccc3)c(nc12)c4ccc(cc4)C5(N)CCC5)c6cn[nH]c6,7.0
273,CHEMBL3699695,NC1(CCC1)c2ccc(cc2)c3nc4ccc(Br)cn4c3c5ccccc5,6.995678626217357
274,CHEMBL3699714,NC1(CCC1)c2ccc(cc2)c3nc4cc(ccn4c3c5ccccc5)C6CC6,6.995678626217357
275,CHEMBL3699753,CCOC(=O)c1cc(Br)c2nc(c3ccc(cc3)C4(N)CCC4)c(c5ccccc5)n2c1,6.991399828238082
276,CHEMBL3672089,CS(=O)(=O)c1nc2nc(c3ccc(CN4CCC(CC4)c5n[nH]c(n5)c6ccccn6)cc3)c(cn2n1)c7ccccc7,6.991399828238082
277,CHEMBL3699698,CCOc1cccn2c(c3ccccc3)c(nc12)c4ccc(cc4)C5(N)CCC5,6.974694134735231
278,CHEMBL3672508,NC1(CCC1)c2ccc(cc2)c3nn4c(c(Cl)nc4cc3c5ccccc5)c6ccc(F)cc6,6.974694134735231
279,CHEMBL3699755,COc1ccn2c(c3ccccc3)c(nc2c1C#N)c4ccc(cc4)C5(N)CCC5,6.966576244513051
280,CHEMBL3699758,Cc1cc(Br)c2nc(c3ccc(cc3)C4(N)CCC4)c(c5ccccc5)n2c1,6.962573502059376
281,CHEMBL3672498,CCOC(=O)c1cncc(c1)c2cnc3cc(c4ccccc4)c(nn23)c5ccc(cc5)C6(N)CCC6,6.958607314841776
282,CHEMBL3699772,NC(=O)c1cc(cn2c(c3ccccc3)c(nc12)c4ccc(cc4)C5(N)CCC5)c6cccnc6,6.950781977329817
283,CHEMBL3672495,COC(=O)c1ccc(cn1)c2cnc3cc(c4ccccc4)c(nn23)c5ccc(cc5)C6(N)CCC6,6.939302159646387
284,CHEMBL3703124,NC1(CCC1)c2ccc(cc2)c3nc4ccc(cn4c3c5ccccc5)c6cn[nH]c6,6.939302159646387
285,CHEMBL3699689,CNC(=O)c1ccc2nc(c3ccc(cc3)C4(N)CCC4)c(c5ccccc5)n2c1,6.935542010773082
286,CHEMBL3699736,COC(=O)c1cc(Cl)c2nc(c3ccc(cc3)C4(N)CCC4)c(c5ccccc5)n2c1,6.935542010773082
287,CHEMBL1258330,N[C@H](Cc1ccc(Cl)cc1)C(=O)N2CCN(CC2)c3ncnc4ccccc34,6.928117992693874
288,CHEMBL3672073,COc1nn2cc(c(nc2c1CO)c3ccc(CN4CC(C4)c5n[nH]c(n5)c6ccccn6)cc3)c7c(F)cccc7F,6.928117992693874
289,CHEMBL3672491,NC(=O)c1ccc(cc1)c2cnc3cc(c4ccccc4)c(nn23)c5ccc(cc5)C6(N)CCC6,6.928117992693874
290,CHEMBL3699771,NC(=O)c1cc(cn2c(c3ccccc3)c(nc12)c4ccc(cc4)C5(N)CCC5)c6ccn[nH]6,6.924453038607469
291,CHEMBL3699680,COc1ccn2c(c3ccccc3)c(nc2n1)c4ccc(cc4)C5(N)CCC5,6.920818753952375
292,CHEMBL3672487,NC1(CCC1)c2ccc(cc2)c3nn4c(cnc4cc3c5ccccc5)c6ccc(CO)cc6,6.910094888560603
293,CHEMBL3699691,COc1cccn2c(c3ccccc3)c(nc12)c4ccc(cc4)C5(N)CCC5,6.906578314837764
294,CHEMBL3672092,OCc1cn2cc(c3ccccc3)c(nc2n1)c4ccc(CN5CC(C5)c6n[nH]c(n6)c7ccccn7)cc4,6.906578314837764
295,CHEMBL512135,NCC(NC(=O)c1cc(Br)c(s1)c2ccnc3[nH]ccc23)c4ccccc4,6.903089986991942
296,CHEMBL3699777,Cc1cc(cn2c(c3ccccc3)c(nc12)c4ccc(cc4)C5(N)CCC5)c6cccnc6,6.889410289700751
297,CHEMBL2325740,COCCC(NC(=O)C1(N)CCN(CC1)c2ncnc3[nH]ccc23)c4ccc(Cl)cc4,6.886056647693162
298,CHEMBL2177825,Nc1ncccc1c2nc3cc(Br)cnc3n2c4ccc(CNC(=O)c5ccccc5)cc4,6.886056647693162
299,CHEMBL3968885,CCOC(=O)c1cn2c(c3ccccc3)c(nc2cn1)c4ccc(cc4)C5(N)CCC5,6.886056647693162
300,CHEMBL594755,Cc1occc1c2nc(N)c(OC[C@@H](N)Cc3ccccc3)cc2c4cnc5[nH]nc(C)c5n4,6.886056647693162
301,CHEMBL3703162,NC(=O)COc1ccn2c(c3ccccc3)c(nc2c1)c4ccc(cc4)C5(N)CCC5,6.8794260687941495
302,CHEMBL3672482,NC1(CCC1)c2ccc(cc2)c3nn4c(cnc4cc3c5ccccc5)c6ccc(cc6)C#N,6.866461091629782
303,CHEMBL3699708,NC1(CCC1)c2ccc(cc2)c3nc4nc(OC5CCCCC5)ccn4c3c6ccccc6,6.860120913598763
304,CHEMBL3699707,CC(C)Oc1ccn2c(c3ccccc3)c(nc2n1)c4ccc(cc4)C5(N)CCC5,6.856985199745905
305,CHEMBL3703134,CCOC(=O)c1ccc2nc(c3ccc(cc3)C4(N)CCC4)c(c5ccccc5)n2c1,6.847711655616944
306,CHEMBL3699730,NC1(CCC1)c2ccc(cc2)c3nc4ccc(cn4c3c5ccccc5)C(=O)NCCF,6.84163750790475
307,CHEMBL3699677,CNC(=O)Nc1ccn2c(c3ccccc3)c(nc2c1)c4ccc(cc4)C5(N)CCC5,6.835647144215562
308,CHEMBL3699682,CCCOc1ccn2c(c3ccccc3)c(nc2n1)c4ccc(cc4)C5(N)CCC5,6.8297382846050425
309,CHEMBL3672488,NC1(CCC1)c2ccc(cc2)c3nn4c(cnc4cc3c5ccccc5)c6ccc(cc6)S(=O)(=O)N,6.82102305270683
310,CHEMBL3699665,Cc1ccn2c(c3ccccc3)c(nc2n1)c4ccc(cc4)C5(N)CCC5,6.815308569182402
311,CHEMBL3699738,CCNC(=O)c1ccc2nc(c3ccc(cc3)C4(N)CCC4)c(c5ccccc5)n2c1,6.8124792791635365
312,CHEMBL3699739,NC1(CCC1)c2ccc(cc2)c3nc4ccc(cn4c3c5ccccc5)C6CC6,6.8124792791635365
313,CHEMBL3703156,NC(=O)c1cccn2c(c3ccccc3)c(nc12)c4ccc(cc4)C5(N)CCC5,6.8124792791635365
314,CHEMBL3703129,NC1(CCC1)c2ccc(cc2)c3nc4ccc(cn4c3c5ccccc5)c6cccnc6,6.798602875679549
315,CHEMBL2325730,NC(=O)C(NC(=O)C1(N)CCN(CC1)c2ncnc3[nH]ccc23)c4ccc(Cl)cc4,6.798602875679549
316,CHEMBL3699752,Cc1cc(Cl)cn2c(c3ccccc3)c(nc12)c4ccc(cc4)C5(N)CCC5,6.795880017344077
317,CHEMBL3699710,CCc1cnc2nc(c3ccc(cc3)C4(N)CCC4)c(c5ccccc5)n2c1,6.793174123968152
318,CHEMBL3699716,NC1(CCC1)c2ccc(cc2)c3nc4c(Br)cccn4c3c5ccccc5,6.790484985457369
319,CHEMBL3699696,COc1ccc2nc(c3ccc(cc3)C4(N)CCC4)c(c5ccccc5)n2c1,6.787812395596043
320,CHEMBL3699705,COc1cc(COc2ccn3c(c4ccccc4)c(nc3n2)c5ccc(cc5)C6(N)CCC6)ccn1,6.782516055786092
321,CHEMBL3699747,NC1(CCC1)c2ccc(cc2)c3nc4c(cccn4c3c5ccccc5)c6ccn[nH]6,6.769551078621726
322,CHEMBL259141,NC1CCN(CC1)c2ncnc3[nH]ccc23,6.7447274948966935
323,CHEMBL450266,CN1CCN(CC1)c2ncc3cc(c4ccccc4)c(nc3n2)c5ccc(CN6CCC(CC6)c7nnc([nH]7)C8=CNC(=O)C=C8)cc5,6.72584215073632
324,CHEMBL3699776,Cc1cc(cn2c(c3ccccc3)c(nc12)c4ccc(cc4)C5(N)CCC5)c6ccn[nH]6,6.721246399047171
325,CHEMBL2325985,NC1(CCN(CC1)c2ncnc3[nH]ccc23)C(=O)NC(Cc4ccccc4)c5ccc(Cl)cc5,6.721246399047171
326,CHEMBL3699715,CCc1ccc2nc(c3ccc(cc3)C4(N)CCC4)c(c5ccccc5)n2c1,6.71669877129645
327,CHEMBL3699679,NC1(CCC1)c2ccc(cc2)c3nc4ccc(cn4c3c5ccccc5)n6cccn6,6.714442690992228
328,CHEMBL3699713,COC(=O)c1ccc2nc(c3ccc(cc3)C4(N)CCC4)c(c5ccccc5)n2c1,6.703334809738469
329,CHEMBL374742,C1CC(CCN1)(c2ccccc2)c3ccc(cc3)c4cn[nH]c4,6.698970004336019
330,CHEMBL3679634,NC(=O)N1C(=N)C=Cc2nc(c3ccc(cc3)C4(CCC4)NC(=O)Cc5cccnc5)c(cc12)c6ccccc6,6.698970004336019
331,CHEMBL3699766,Cc1cc(c2cn[nH]c2)c3nc(c4ccc(cc4)C5(N)CCC5)c(c6ccccc6)n3c1,6.692503962086787
332,CHEMBL3699701,COC(=O)c1cccn2c(c3ccccc3)c(nc12)c4ccc(cc4)C5(N)CCC5,6.690369832574103
333,CHEMBL521823,CCn1c(nc2cncc(OCC3CCNCC3)c12)c4nonc4N,6.690369832574103
334,CHEMBL3703126,Cn1cc(cn1)c2ccc3nc(c4ccc(cc4)C5(N)CCC5)c(c6ccccc6)n3c2,6.6777807052660805
335,CHEMBL3699750,Cc1ccn2c(c3ccccc3)c(nc2c1Cl)c4ccc(cc4)C5(N)CCC5,6.6777807052660805
336,CHEMBL606200,CC(C)(C)c1ccc(CNC(=O)C2(N)CCN(CC2)c3ncnc4[nH]ccc34)cc1,6.6777807052660805
337,CHEMBL2325984,NC1(CCN(CC1)c2ncnc3[nH]ccc23)C(=O)NC(c4ccccc4)c5ccc(Cl)cc5,6.6777807052660805
338,CHEMBL3672033,COC(=O)c1cnn2cc(c3ccc(F)cc3F)c(nc12)c4ccc(CN5CC(C5)c6n[nH]c(n6)c7ccccn7)cc4,6.669586226650809
339,CHEMBL3699721,NC1(CCC1)c2ccc(cc2)c3nc4c(Cl)cccn4c3c5ccccc5,6.665546248849069
340,CHEMBL3944710,Cc1cn2c(c3ccccc3)c(nc2c(C)n1)c4ccc(cc4)C5(N)CCC5,6.657577319177793
341,CHEMBL3703148,NC(=O)Nc1ccc2nc(c3ccc(cc3)C4(N)CCC4)c(c5ccccc5)n2c1,6.655607726314889
342,CHEMBL3699687,Cc1ccc2nc(c3ccc(cc3)C4(N)CCC4)c(c5ccccc5)n2c1,6.6401645176601125
343,CHEMBL3699726,NC1(CCC1)c2ccc(cc2)c3nc4c(cccn4c3c5ccccc5)c6cn[nH]c6,6.636388020107857
344,CHEMBL3699719,CCOC(=O)c1cccn2c(c3ccccc3)c(nc12)c4ccc(cc4)C5(N)CCC5,6.632644078973981
345,CHEMBL3699734,NC1(CCC1)c2ccc(cc2)c3nc4ccc(cn4c3c5ccccc5)C(=O)NCC6CC6,6.621602099051862
346,CHEMBL3699684,Cc1ccn2c(c3ccccc3)c(nc2c1)c4ccc(cc4)C5(N)CCC5,6.617982957425133
347,CHEMBL261247,NC(C1CCN(CC1)c2ncnc3[nH]ccc23)c4ccccc4,6.6090648928966225
348,CHEMBL2177380,CC(C)NC[C@@H](C(=O)N1CCN(CC1)c2ncnc3[C@@H](O)C[C@@H](C)c23)c4ccc(Cl)cc4,6.603800652904264
349,CHEMBL606467,Cc1n[nH]c2ncc(nc12)c3cc(OC[C@@H](N)Cc4c[nH]c5ccccc45)c(nc3c6cocc6)C#N,6.6020599913279625
350,CHEMBL596990,NC1(CCN(CC1)c2ncnc3[nH]ccc23)C(=O)N4CCc5ccccc5C4,6.6020599913279625
351,CHEMBL3672034,Fc1ccc(cc1)c2cn3ccnc3nc2c4ccc(CN5CC(C5)c6n[nH]c(n6)c7ccccn7)cc4,6.596879478824183
352,CHEMBL3699723,NC1(CCC1)c2ccc(cc2)c3nc4c(cccn4c3c5ccccc5)C6CC6,6.596879478824183
353,CHEMBL383541,N[C@H](COc1cncc(\C=C\c2ccncc2)c1)Cc3c[nH]c4ccccc34,6.590066876668706
354,CHEMBL3699694,NC1(CCC1)c2ccc(cc2)c3nc4c(CO)cccn4c3c5ccccc5,6.580044251510242
355,CHEMBL3672489,NC1(CCC1)c2ccc(cc2)c3nn4c(Br)cnc4cc3c5ccccc5,6.578396073130167
356,CHEMBL3699746,COc1cncc(c1)c2cccn3c(c4ccccc4)c(nc23)c5ccc(cc5)C6(N)CCC6,6.573488738635424
357,CHEMBL261260,NC1CCN(CC1)c2ncnc3[nH]cnc23,6.568636235841013
358,CHEMBL3699685,Cc1cccn2c(c3ccccc3)c(nc12)c4ccc(cc4)C5(N)CCC5,6.562249437179612
359,CHEMBL3699720,NC1(CCC1)c2ccc(cc2)c3nc4c(F)cccn4c3c5ccccc5,6.557520230935554
360,CHEMBL3672485,Cc1ccc(cc1)c2cnc3cc(c4ccccc4)c(nn23)c5ccc(cc5)C6(N)CCC6,6.557520230935554
361,CHEMBL3672481,CS(=O)(=O)c1ccc(cc1)c2cnc3cc(c4ccccc4)c(nn23)c5ccc(cc5)C6(N)CCC6,6.555955204081924
362,CHEMBL3699729,CC(C)NC(=O)c1ccc2nc(c3ccc(cc3)C4(N)CCC4)c(c5ccccc5)n2c1,6.554395796726402
363,CHEMBL1258662,N[C@H](Cc1ccc(Br)cc1)C(=O)N2CCN(CC2)c3ncnc4ccccc34,6.554395796726402
364,CHEMBL223339,NC[C@H](c1ccc(Cl)cc1)c2ccc(cc2)c3cn[nH]c3,6.552841968657781
365,CHEMBL502113,OCCN1CCN(CC1)c2ncc3cc(c4ccccc4)c(nc3n2)c5ccc(CN6CCC(CC6)c7nnc([nH]7)C8=CNC(=O)C=C8)cc5,6.546681659952962
366,CHEMBL3703128,NC1(CCC1)c2ccc(cc2)c3nc4ccc(cn4c3c5ccccc5)c6ccncc6,6.5406075122407685
367,CHEMBL259356,NCC1CCN(CC1)c2ncnc3[nH]cnc23,6.537602002101044
368,CHEMBL3699670,COc1cnc2nc(c3ccc(cc3)C4(N)CCC4)c(c5ccccc5)n2c1,6.536107011014093
369,CHEMBL3699669,Cc1cnc2nc(c3ccc(cc3)C4(N)CCC4)c(c5ccccc5)n2c1,6.53313237964589
370,CHEMBL3699733,NC1(CCC1)c2ccc(cc2)c3nc4ccc(cn4c3c5ccccc5)C(=O)NC6CC6,6.5301779840218375
371,CHEMBL3703149,CNC(=O)Nc1ccc2nc(c3ccc(cc3)C4(N)CCC4)c(c5ccccc5)n2c1,6.511449283499553
372,CHEMBL2012702,CN(C)CCNc1cc(Cl)cc(N2CCN(CC2)c3ncnc4[nH]nc(Br)c34)c1C,6.507239610973163
373,CHEMBL3703150,CS(=O)(=O)Nc1ccc2nc(c3ccc(cc3)C4(N)CCC4)c(c5ccccc5)n2c1,6.5044556624535526
374,CHEMBL3699683,NC1(CCC1)c2ccc(cc2)c3nc4c(cccn4c3c5ccccc5)C#N,6.5044556624535526
375,CHEMBL3672510,NC1(CCC1)c2ccc(cc2)c3nn4c(C=C)cnc4cc3c5ccccc5,6.4867823999320615
376,CHEMBL3699671,CCOc1cnc2nc(c3ccc(cc3)C4(N)CCC4)c(c5ccccc5)n2c1,6.484126156288321
377,CHEMBL3672019,Nc1ncnc2c1cnn2C3CCN(Cc4ccc(cc4)c5nc6ccnn6cc5c7ccccc7)CC3,6.478861916295964
378,CHEMBL3699741,NC(=O)C1(COc2ccn3c(c4ccccc4)c(nc3n2)c5ccc(cc5)C6(N)CCC6)CC1,6.471083299722345
379,CHEMBL2325987,CC(NC(=O)C1(N)CCN(CC1)c2ncnc3[nH]ccc23)c4ccc(F)cc4,6.46344155742847
380,CHEMBL2177389,CC(C)NC[C@@H](C(=O)N1CCN(CC1)c2ncnc3CC[C@@H](CO)c23)c4ccc(Cl)cc4,6.448550002027124
381,CHEMBL3699693,NC1(CCC1)c2ccc(cc2)c3nc4cc(CO)ccn4c3c5ccccc5,6.447331783887807
382,CHEMBL3703121,NC1(CCC1)c2ccc(cc2)c3nc4ccc(cn4c3c5ccccc5)c6cnc[nH]6,6.4329736338409385
383,CHEMBL3699703,NC1(CCC1)c2ccc(cc2)c3nc4ccc(CO)cn4c3c5ccccc5,6.414539270491499
384,CHEMBL3699722,NC1(CCC1)c2ccc(cc2)c3nc4ccc(F)cn4c3c5ccccc5,6.414539270491499
385,CHEMBL3699761,Cc1c(Cl)cn2c(c3ccccc3)c(nc2c1c4ccn[nH]4)c5ccc(cc5)C6(N)CCC6,6.406713932979543
386,CHEMBL3703171,NC1(CCC1)c2ccc(cc2)c3nc4c(Cl)cc(cn4c3c5ccccc5)C#N,6.401209493236885
387,CHEMBL389176,NC(c1ccccc1)c2ccc(cc2)c3ncnc4[nH]cnc34,6.3979400086720375
388,CHEMBL3544960,NC[C@@](O)(c1ccc(Cl)cc1)c2ccc(cc2)c3cn[nH]c3,6.39577394691553
389,CHEMBL3699678,NC1(CCC1)c2ccc(cc2)c3nc4nc(ccn4c3c5ccccc5)N6C=CC=CC6=O,6.39577394691553
390,CHEMBL3699763,Cc1cc(c2cccnc2)c3nc(c4ccc(cc4)C5(N)CCC5)c(c6ccccc6)n3c1,6.3872161432802645
391,CHEMBL3672022,Cc1nc2nc(c3ccc(CN4CCC(CC4)n5ncc6c(N)ncnc56)cc3)c(cn2n1)c7ccccc7,6.379863945026242
392,CHEMBL3703159,NC(=O)CCc1ccn2c(c3ccccc3)c(nc2c1)c4ccc(cc4)C5(N)CCC5,6.379863945026242
393,CHEMBL3699690,COCc1ccc2nc(c3ccc(cc3)C4(N)CCC4)c(c5ccccc5)n2c1,6.377785977033705
394,CHEMBL499683,O[C@@H]1CN(CCN1)c2ncc3cc(c4ccccc4)c(nc3n2)c5ccc(CN6CCC(CC6)c7nnc([nH]7)c8ccccn8)cc5,6.375717904164333
395,CHEMBL3699724,NC1(CCC1)c2ccc(cc2)c3nc4ccc(C=C)cn4c3c5ccccc5,6.374687549038327
396,CHEMBL3699673,NC1(CCC1)c2ccc(cc2)c3nc4ccc(cn4c3c5ccccc5)C#N,6.3705904008972825
397,CHEMBL227605,NC(Cc1ccccc1)c2ccc(cc2)c3ncnc4[nH]cnc34,6.366531544420412
398,CHEMBL3672494,NC1(CCC1)c2ccc(cc2)c3nn4c(cnc4cc3c5ccccc5)c6ccc(O)nc6,6.3655227298392685
399,CHEMBL1258898,N[C@H](Cc1ccc(Cl)c(Cl)c1)C(=O)N2CCN(CC2)c3ncnc4ccccc34,6.3635121036466336
400,CHEMBL2035021,NC1(CCC1)c2ccc(cc2)c3nc4ccccn4c3c5ccccc5,6.361510743045362
401,CHEMBL3672024,Cc1nc2nc(c3ccc(CN4CCC(C4)c5n[nH]c(n5)c6ccccn6)cc3)c(cn2n1)c7ccccc7,6.361510743045362
402,CHEMBL3703154,NC1(CCC1)c2ccc(cc2)c3nc4ccc(O)cn4c3c5ccccc5,6.338187314462737
403,CHEMBL3703130,NC1(CCC1)c2ccc(cc2)c3nc4ccc(cn4c3c5ccccc5)c6ccccn6,6.335358024443876
404,CHEMBL253458,Nc1ncnc2c1cnn2C3CCN(Cc4ccc(cc4)c5nc6ncnc(N)c6cc5c7ccccc7)CC3,6.329754146925875
405,CHEMBL3699778,Cc1cc([nH]n1)c2cc(C)c3nc(c4ccc(cc4)C5(N)CCC5)c(c6ccccc6)n3c2,6.323306390375134
406,CHEMBL3672069,CNc1c(c2ccccc2)c(nc3nccn13)c4ccc(CN5CC(C5)c6n[nH]c(n6)c7ccccn7)cc4,6.3223930472795065
407,CHEMBL2012703,CN(C)CCNc1cc(Cl)cc(N2CCN(CC2)c3ncnc4[nH]nc(c34)C(F)(F)F)c1C,6.321481620959887
408,CHEMBL3699745,NC1(CCC1)c2ccc(cc2)c3nc4c(cccn4c3c5ccccc5)c6cccc(F)c6,6.318758762624412
409,CHEMBL3699731,NC1(CCC1)c2ccc(cc2)c3nc4ccc(cn4c3c5ccccc5)C(=O)NCCO,6.31695296176115
410,CHEMBL3703165,COC(=O)COc1ccc2nc(c3ccc(cc3)C4(N)CCC4)c(c5ccccc5)n2c1,6.313363730737708
411,CHEMBL513728,NC[C@@H](Cc1ccccc1)NC(=O)c2cc(Br)c(s2)c3ccnc4[nH]ccc34,6.301029995663981
412,CHEMBL3703122,NC1(CCC1)c2ccc(cc2)c3nc4ccc(cn4c3c5ccccc5)c6ncc[nH]6,6.297569463554474
413,CHEMBL227029,NCC(c1ccccc1)c2ccc(cc2)c3cn[nH]c3,6.292429823902062
414,CHEMBL3699760,Cc1c(Cl)cn2c(c3ccccc3)c(nc2c1c4ccc(F)cc4)c5ccc(cc5)C6(N)CCC6,6.28735029837279
415,CHEMBL3699718,NC1(CCC1)c2ccc(cc2)c3nc4cc(ccn4c3c5ccccc5)C(=O)N6CCCC6,6.284832642151543
416,CHEMBL3699744,NC1(CCC1)c2ccc(cc2)c3nc4c(cccn4c3c5ccccc5)c6ccc(F)cc6,6.283162276700474
417,CHEMBL3699672,NC1(CCC1)c2ccc(cc2)c3nc4ncc(cn4c3c5ccccc5)c6ccccc6,6.259637310505756
418,CHEMBL3699664,NC1(CCC1)c2ccc(cc2)c3nc4ncccn4c3c5ccccc5,6.249491605148653
419,CHEMBL3699681,NC1(CCC1)c2ccc(cc2)c3nc4nc(O)ccn4c3c5ccccc5,6.248720896016657
420,CHEMBL3703146,Nc1ccc2nc(c3ccc(cc3)C4(N)CCC4)c(c5ccccc5)n2c1,6.23210238398191
421,CHEMBL3703123,NC1(CCC1)c2ccc(cc2)c3nc4ccc(cn4c3c5ccccc5)c6cc[nH]n6,6.224753740259764
422,CHEMBL3672010,C(N1CCC(CC1)c2nc3cccnc3[nH]2)c4ccc(cc4)c5nc6nccn6cc5c7ccccc7,6.216811308924742
423,CHEMBL3703168,NC1(CCC1)c2ccc(cc2)c3nc4ccc(cn4c3c5ccccc5)c6cccnc6O,6.210419287835574
424,CHEMBL3703103,NC1(CCC1)c2ccc(cc2)c3nc4cc(C=C)ccn4c3c5ccccc5,6.20690839982342
425,CHEMBL1258551,Cc1ccc(C[C@@H](N)C(=O)N2CCN(CC2)c3ncnc4ccccc34)cc1,6.200659450546419
426,CHEMBL2177819,Nc1ncccc1c2nc3cccnc3n2c4ccc(CNC(=O)c5ccccc5)cc4,6.180456064458131
427,CHEMBL605326,NC1(CCN(CC1)c2ncnc3[nH]ccc23)C(=O)N4CCCC4c5ccccc5,6.167491087293763
428,CHEMBL3640020,Cc1cc([nH]n1)c2ccc3nc(c4ccc(cc4)C5(N)CCC5)c(c6ccccc6)n3c2,6.163675884293247
429,CHEMBL255360,Nc1ncnc2nc(c3ccc(CN4CCC(CC4)n5cnc6c(N)ncnc56)cc3)c(cc12)c7ccccc7,6.157390760389438
430,CHEMBL2177818,Nc1ncccc1c2nc3cccnc3n2c4ccc(CC(=O)Nc5ccccc5)cc4,6.154901959985742
431,CHEMBL3703155,NC1(CCC1)c2ccc(cc2)c3nc4c(O)cccn4c3c5ccccc5,6.152427340857887
432,CHEMBL1257163,N[C@H](Cc1ccc(cc1)C(F)(F)F)C(=O)N2CCN(CC2)c3ncnc4ccccc34,6.150580586203098
433,CHEMBL2325986,CC(NC(=O)C1(N)CCN(CC1)c2ncnc3[nH]ccc23)c4ccccc4,6.149353764816933
434,CHEMBL3703142,Nc1ccn2c(c3ccccc3)c(nc2c1)c4ccc(cc4)C5(N)CCC5,6.148130399270233
435,CHEMBL3699765,Cc1cc(c2ccn[nH]2)c3nc(c4ccc(cc4)C5(N)CCC5)c(c6ccccc6)n3c1,6.133122185662501
436,CHEMBL188434,CCn1c(nc2cncc(CNC3CCNCC3)c12)c4nonc4N,6.1301817920206725
437,CHEMBL3699748,NC1(CCC1)c2ccc(cc2)c3nc4c(cccn4c3c5ccccc5)c6ccc7cn[nH]c7c6,6.125518182300532
438,CHEMBL3672029,COC(=O)c1cnn2cc(c(nc12)c3ccc(CN4CC(C4)c5n[nH]c(n5)c6ccccn6)cc3)c7c(F)cccc7F,6.118615343229427
439,CHEMBL3699692,CC(O)c1ccc2nc(c3ccc(cc3)C4(N)CCC4)c(c5ccccc5)n2c1,6.114073660198567
440,CHEMBL261249,NCC1CCN(CC1)c2ncnc3[nH]ccc23,6.113509274827518
441,CHEMBL3699740,NC1(CCC1)c2ccc(cc2)c3nc4nc(OCCN5CCCC5=O)ccn4c3c6ccccc6,6.1095789811990855
442,CHEMBL2177826,Nc1ncccc1c2nc3cc(cnc3n2c4ccc(CNC(=O)c5ccccc5)cc4)C6CCCC6,6.096910013008058
443,CHEMBL3672094,OCc1cnn2cc(c(nc12)c3ccc(CN4CC(C4)c5n[nH]c(n5)c6ccccn6)cc3)c7c(F)cccc7F,6.096367483915763
444,CHEMBL2325990,CC(NC(=O)C1(N)CCN(CC1)c2ncnc3[nH]ccc23)c4ccc(cc4)S(=O)(=O)C,6.094204119632131
445,CHEMBL265451,NC1CCN(CC1)c2ncnc3[nH]ncc23,6.080921907623925
446,CHEMBL2325742,C[C@@H](NC(=O)C1(N)CCN(CC1)c2ncnc3[nH]ccc23)c4ccc(Cl)cc4,6.077793722560982
447,CHEMBL3703152,N[C@@]1(C[C@H](O)C1)c2ccc(cc2)c3nc4nc(O)ccn4c3c5ccccc5,6.059981844992336
448,CHEMBL1258899,N[C@H](Cc1ccc(F)c(F)c1)C(=O)N2CCN(CC2)c3ncnc4ccccc34,6.059483515067433
449,CHEMBL264965,NC1CCN(CC1)c2ccnc3[nH]ccc23,6.055517327849832
450,CHEMBL265193,NCC1CCN(CC1)c2ncnc3[nH]ncc23,6.036212172654443
451,CHEMBL252457,CSc1ncc2cc(c3ccccc3)c(nc2n1)c4ccc(CN5CCC(CC5)C(=O)N)cc4,6.032452023781137
452,CHEMBL3982161,NC1(CCC1)c2ccc(cc2)c3nc4c(O)nccn4c3c5ccccc5,6.013228265733755
453,CHEMBL493911,CCn1c(nc2cncc(OC3CCNCC3)c12)c4nonc4N,6.0
454,CHEMBL1258779,N[C@H](Cc1ccc(Cl)cc1Cl)C(=O)N2CCN(CC2)c3ncnc4ccccc34,5.97183558057553
455,CHEMBL3672016,C(N1CCC(CC1)c2nc3cccnc3[nH]2)c4ccc(cc4)c5nc6ccnn6cc5c7ccccc7,5.966576244513051
456,CHEMBL3703170,Cc1cccc2nc(c3ccc(cc3)C4(N)CCC4)c(c5ccccc5)n12,5.961379838050298
457,CHEMBL3672056,Cc1nc2nc(c3ccc(CN4CCC(CC4)c5n[nH]c(n5)c6cnccn6)cc3)c(cn2n1)c7ccc(F)cc7F,5.958607314841776
458,CHEMBL572629,CC1=NC(=C(NC1=O)c2ccc(CN3CCC(CC3)N4C(=O)Nc5ccccc45)cc2)c6ccccc6,5.928486194904911
459,CHEMBL3667045,C(N1CCC(CC1)c2nc3ccncc3[nH]2)c4ccc(cc4)c5nc6nccn6cc5c7ccccc7,5.9136401693252525
460,CHEMBL255559,Nc1nn(CCO)c2nc(c3ccc(CN4CCC(CC4)N5C(=O)Nc6ccccc56)cc3)c(cc12)c7ccccc7,5.9108016331948505
461,CHEMBL1258442,N[C@H](Cc1ccc(F)cc1)C(=O)N2CCN(CC2)c3ncnc4ccccc34,5.890084136976206
462,CHEMBL3703160,CCC(=O)CCc1ccc2nc(c3ccc(cc3)C4(N)CCC4)c(c5ccccc5)n2c1,5.880084589742007
463,CHEMBL3699769,Cc1cc(C(=O)N)c2nc(c3ccc(cc3)C4(N)CCC4)c(c5ccccc5)n2c1,5.8616973018337175
464,CHEMBL2035019,NC1(CCC1)c2ccc(cc2)c3nn4ccnc4cc3c5ccccc5,5.841939206063395
465,CHEMBL3699737,CN(C)C(=O)c1ccc2nc(c3ccc(cc3)C4(N)CCC4)c(c5ccccc5)n2c1,5.828858848971617
466,CHEMBL1258550,COc1ccc(C[C@@H](N)C(=O)N2CCN(CC2)c3ncnc4ccccc34)cc1,5.828273546346768
467,CHEMBL564972,O=C1COc2ccc(cc2N1)c3cc(cc(n3)c4ccc5OC(=O)Nc5c4)c6ccccc6,5.823908740944319
468,CHEMBL3699725,NC1(CCC1)c2ccc(cc2)c3nc4c(C=C)cccn4c3c5ccccc5,5.79805693659835
469,CHEMBL375509,CNCc1cccc(c1)c2ncnc3[nH]cnc23,5.795880017344077
470,CHEMBL3672479,Cc1cnc2cc(c3ccccc3)c(nn12)c4ccc(cc4)C5(N)CCC5,5.762959208620808
471,CHEMBL1956071,CCn1c(nc2cncc(C(=O)N3CC[C@H](N)C3)c12)c4nonc4N,5.709965388637482
472,CHEMBL2177376,C[C@@H]1C[C@@H](O)c2ncnc(N3CCN(CC3)C(=O)[C@H](CNCC(F)(F)F)c4ccc(Cl)cc4)c12,5.697885623043799
473,CHEMBL3703167,NC1(CCC1)c2ccc(cc2)c3nc4cc(O)ccn4c3c5ccccc5,5.693360558975737
474,CHEMBL252653,CSc1ncc2cc(c3ccccc3)c(nc2n1)c4ccc(CN5CCC(CC5)C(=O)NCCC(=O)N)cc4,5.676541633150532
475,CHEMBL523695,CCn1c(nc2cncc(C(=O)N3CC[C@@H](N)C3)c12)c4nonc4N,5.6307841425898575
476,CHEMBL493066,CCn1c(nc2cncc(C(=O)N3CCNCC3)c12)c4nonc4N,5.600326278518962
477,CHEMBL494662,CCn1c(nc2cncc(C(=O)NC3CCNCC3)c12)c4nonc4N,5.590066876668706
478,CHEMBL226870,NCCCc1ccc(cc1)c2cn[nH]c2,5.522878745280337
479,CHEMBL2012701,CCc1n[nH]c2ncnc(N3CCN(CC3)c4cc(Cl)cc(NCCN(C)C)c4C)c12,5.519849274726719
480,CHEMBL227998,NCCc1cccc(c1)c2ncnc3[nH]cnc23,5.494850021680094
481,CHEMBL2177383,CC(C)NC[C@@H](C(=O)N1CCN(CC1)c2ncnc3c2[C@H](C)CC3(F)F)c4ccc(Cl)cc4,5.3791355247348775
482,CHEMBL590109,NCCn1cc(c2cc(c3cc4ccccc4s3)c5[nH]ncc5c2)c6nc(N)ncc16,5.3767507096020974
483,CHEMBL1258441,N[C@H](Cc1ccc(cc1)C#N)C(=O)N2CCN(CC2)c3ncnc4ccccc34,5.359419193510346
484,CHEMBL3672504,Cc1nc2cc(c3ccccc3)c(nn2c1c4ccc(cc4)C(=O)N)c5ccc(cc5)C6(N)CCC6,5.316682738078118
485,CHEMBL1257281,COc1cc(C[C@@H](N)C(=O)N2CCN(CC2)c3ncnc4ccccc34)cc(OC)c1,5.305307073668517
486,CHEMBL1257280,N[C@H](Cc1cc(F)cc(F)c1)C(=O)N2CCN(CC2)c3ncnc4ccccc34,5.298691114771924
487,CHEMBL3672503,Cc1nc2cc(c3ccccc3)c(nn2c1c4ccc(F)cc4)c5ccc(cc5)C6(N)CCC6,5.29183414214446
488,CHEMBL252654,CSc1ncc2cc(c3ccccc3)c(nc2n1)c4ccc(CN5CCC(CC5)NC(=O)CNC(=O)C)cc4,5.2901366825596
489,CHEMBL228224,Cc1n[nH]cc1c2ccc(CCN)cc2,5.2839966563652006
490,CHEMBL3672505,Cc1nc2cc(c3ccccc3)c(nn2c1c4ccn[nH]4)c5ccc(cc5)C6(N)CCC6,5.281664421091493
491,CHEMBL1258778,N[C@H](Cc1cccc(Cl)c1)C(=O)N2CCN(CC2)c3ncnc4ccccc34,5.2528990686350125
492,CHEMBL593573,CCNc1nc(c2cocc2)c(cc1OC[C@@H](N)Cc3ccccc3)c4cnc5[nH]nc(C)c5n4,5.200659450546418
493,CHEMBL376388,CNCc1ccc(cc1)c2ncnc3[nH]cnc23,5.161150909262744
494,CHEMBL2325988,CC(NC(=O)C1(N)CCN(CC1)c2ncnc3[nH]ccc23)c4cccnc4,5.090925598599097
495,CHEMBL1258329,N[C@H](Cc1ccccc1)C(=O)N2CCN(CC2)c3ncnc4ccccc34,5.077689836785604
496,CHEMBL2325991,COc1ccc(cc1OC)C(C)NC(=O)C2(N)CCN(CC2)c3ncnc4[nH]ccc34,5.066613958096946
497,CHEMBL227727,NCCc1ccc(cc1)c2ncnc3[nH]cnc23,5.022276394711152
498,CHEMBL2420911,C1CNCC2(C1)CCN(CC2)c3ncnc4[nH]cnc34,5.022276394711152
499,CHEMBL493067,CCn1c(nc2cncc(C(=O)NC3CCCNC3)c12)c4nonc4N,5.0
500,CHEMBL3884319,CC1(C)C(=O)N([C@H]2CCc3c(O)cccc23)c4nc(Nc5ccccc5)ncc14,5.0
501,CHEMBL226766,Cc1[nH]ncc1c2ccc(CN)cc2,4.920818753952375
502,CHEMBL440560,O=C1NC(=C(N=C1)c2ccc(CN3CCC(CC3)N4C(=O)Nc5ccccc45)cc2)c6ccccc6,4.804100347590767
503,CHEMBL2325989,CC(NC(=O)C1(N)CCN(CC1)c2ncnc3[nH]ccc23)c4ccccn4,4.782568700732144
504,CHEMBL3672513,Cc1nc2cc(c3ccccc3)c(nn2c1C=C)c4ccc(cc4)C5(N)CCC5,4.777569685339508
505,CHEMBL3672501,Cc1nc2cc(c3ccccc3)c(nn2c1c4ccc(F)c(CO)c4)c5ccc(cc5)C6(N)CCC6,4.776633873560139
506,CHEMBL3672500,Cc1nc2cc(c3ccccc3)c(nn2c1c4cccc(c4)C(=O)N)c5ccc(cc5)C6(N)CCC6,4.775622347838193
507,CHEMBL3672506,Cc1cc([nH]n1)c2c(C)nc3cc(c4ccccc4)c(nn23)c5ccc(cc5)C6(N)CCC6,4.7657358756212105
508,CHEMBL252260,CSc1ncc2cc(c3ccccc3)c(nc2n1)c4ccc(CN(C)CCc5cn[nH]c5)cc4,4.757707095017069
509,CHEMBL428462,Clc1ccc(cc1)C2(CCNCC2)c3ccc(cc3)c4cn[nH]c4,4.7447274948966935
510,CHEMBL3672514,CCc1c(C)nc2cc(c3ccccc3)c(nn12)c4ccc(cc4)C5(N)CCC5,4.698970004336019
511,CHEMBL3639713,Cc1cn2nc(c3ccc(cc3)C4(N)CCC4)c(cc2n1)c5ccccc5,4.698970004336019
512,CHEMBL362455,CC(C)(N)c1ccc(cc1)c2nc3ccccc3nc2c4ccccc4,4.638272163982408
513,CHEMBL178397,CC1=NC(=C(NC1=O)c2ccccc2)c3ccc(CN4CCC(CC4)N5C(=O)Nc6ccccc56)cc3,4.619788758288394
514,CHEMBL460472,COc1ccc2c(Oc3ccc(NC(=O)C4=C(C)N(CC(C)(C)O)N(C4=O)c5ccccc5)nc3)ccnc2c1,4.6020599913279625
515,CHEMBL1258663,N[C@H](Cc1ccccc1Cl)C(=O)N2CCN(CC2)c3ncnc4ccccc34,4.576754126063191
516,CHEMBL223393,NCC(c1ccc(Cl)cc1)c2ccc(cc2)c3cn[nH]c3,4.508638306165727
517,CHEMBL227924,NC[C@@H](c1ccc(Cl)cc1)c2ccc(cc2)c3cn[nH]c3,4.4685210829577455
518,CHEMBL1257164,N[C@H](Cc1ccc(cc1)c2ccccc2)C(=O)N3CCN(CC3)c4ncnc5ccccc45,4.422209581778241
519,CHEMBL264667,NC(=O)C1CCN(CC1)c2ncnc3[nH]cnc23,4.3872161432802645
520,CHEMBL2177830,Nc1ncccc1c2nc3cc(cnc3n2c4ccc(CNC(=O)c5ccccc5)cc4)c6ccccc6,4.292429823902062
521,CHEMBL264666,C1CCN(CC1)c2ncnc3[nH]cnc23,4.229147988357856
522,CHEMBL2420909,C1CCC2(CCN(CC2)c3ncnc4[nH]cnc34)NC1,4.180456064458132
523,CHEMBL540487,Cc1n[nH]c(C)c1c2ccccc2,4.142667503568732
524,CHEMBL228114,Cc1n[nH]cc1c2ccccc2,4.096910013008056
525,CHEMBL265194,Cc1nc2c(ncnc2[nH]1)N3CCC(N)CC3,3.9586073148417746
526,CHEMBL390066,c1ccc(cc1)c2cn[nH]c2,3.8696662315049934
527,CHEMBL1609052,Cc1n[nH]c(N)c1c2ccccc2,3.1804560644581317
